Agency,Case Number,Date_Time,Type,Location
APD,2025-00130101,11/01/2025 00:10,Weapons Law Violations,NEWTON ST/THE BROOKLANDS
APD,2025-00130115,11/01/2025 00:51,Assault - Aggravated,820 W MARKET ST
APD,2025-00130123,11/01/2025 01:17,Domestic Incident,1712 BROWN ST
APD,2025-00130124,11/01/2025 01:28,Use of Force,EAST PARK BLVD/PILGRIM ST
APD,2025-00130126,11/01/2025 01:33,Domestic Incident,1753 NANAULA DR
APD,2025-00130128,11/01/2025 01:38,Narcotics/Drug Laws,701 E MARKET ST
APD,2025-00130133,11/01/2025 01:45,Domestic Incident,720 CHESTER AVE
APD,2025-00130131,11/01/2025 01:55,Disorderly Conduct,1452 N PORTAGE PATH
APD,2025-00130148,11/01/2025 02:51,Assault - Aggravated,290 DARROW RD
APD,2025-00130154,11/01/2025 02:58,OVI/DUI,MANCHESTER RD/W WILBETH RD
APD,2025-00130168,11/01/2025 03:57,Domestic Incident,1861 15TH ST SW SUITE/LOT 35
APD,2025-00130170,11/01/2025 04:22,Receiving Stolen property,S ARLINGTON ST/TRIPLETT BLVD
APD,2025-00130176,11/01/2025 04:49,Assault - Aggravated,1165 MARCY ST
APD,2025-00130202,11/01/2025 07:46,Menacing/Stalking,1070 HEMLOCK HILLS DR SUITE/LOT A
APD,2025-00130218,11/01/2025 09:27,Trespass,555 WHITNEY AVE
APD,2025-00130221,11/01/2025 09:34,Unauthorized Use,453 SUMNER ST SUITE/LOT 1
APD,2025-00130228,11/01/2025 10:14,Theft/Larceny,851 VALDES AVE
APD,2025-00130231,11/01/2025 10:16,Theft/Larceny,1010 ROSEMARY BLVD SUITE/LOT 616
APD,2025-00130236,11/01/2025 10:29,Robbery,EAST AVE/MORSE ST
APD,2025-00130232,11/01/2025 10:30,Local Ordinance,1592 TREETOP TRL SUITE/LOT B
APD,2025-00130233,11/01/2025 10:35,Theft/Larceny,143 CASTLE BLVD
APD,2025-00130241,11/01/2025 10:50,Domestic Incident,10 COLONIAL HILLS DR
APD,2025-00130239,11/01/2025 10:50,Obstruction,JOHNSTON ST/INMAN ST
APD,2025-00130242,11/01/2025 11:00,Civil Matter,217 S HIGH ST
APD,2025-00130280,11/01/2025 12:20,Breaking and Entering,1220 MOORE ST
APD,2025-00130272,11/01/2025 12:30,Animal,1257 ANNA AVE
APD,2025-00130273,11/01/2025 12:36,Theft/Larceny,87 E TALLMADGE AVE
APD,2025-00130287,11/01/2025 12:41,Theft/Larceny,169 PARIS AVE SUITE/LOT 2
APD,2025-00130277,11/01/2025 12:42,Narcotics/Drug Laws,635 N MAIN ST
APD,2025-00130283,11/01/2025 12:53,Mental Illnesses,450 ALLYN ST SUITE/LOT 1
APD,2025-00130295,11/01/2025 13:04,Juvenile Complaints,1059 VALDES AVE
APD,2025-00130298,11/01/2025 13:13,Theft/Larceny,2235 EASTWOOD AVE
APD,2025-00130293,11/01/2025 13:16,Overdose,477 WHITE POND DR SUITE/LOT 405
APD,2025-00130324,11/01/2025 13:48,Motor Veh Theft,24 GRAND AVE
APD,2025-00130310,11/01/2025 14:06,Theft/Larceny,825 KLING ST
APD,2025-00130307,11/01/2025 14:07,Theft/Larceny,217 S HIGH ST
APD,2025-00130313,11/01/2025 14:18,Theft/Larceny,901 COPLEY RD
APD,2025-00130315,11/01/2025 14:23,Theft/Larceny,481 FERNWOOD DR
APD,2025-00130373,11/01/2025 14:33,Criminal Damage / Mischief,680 HANCOCK AVE SUITE/LOT I
APD,2025-00130330,11/01/2025 15:17,Domestic Incident,409 BROWN ST SUITE/LOT 301
APD,2025-00130355,11/01/2025 15:17,Criminal Damage / Mischief,132 S HIGH ST
APD,2025-00130337,11/01/2025 15:48,Domestic Incident,1168 1ST AVE
APD,2025-00130374,11/01/2025 15:50,Civil Protection Order,829 INDIAN TRL
APD,2025-00130338,11/01/2025 15:52,Menacing/Stalking,754 SPRINGDALE ST
APD,2025-00130339,11/01/2025 15:54,Motor Veh Theft,1075 GRANT ST
APD,2025-00130351,11/01/2025 16:07,Mental Illnesses,18 E IDO AVE
APD,2025-00130359,11/01/2025 16:52,Animal,884 WYLEY AVE
APD,2025-00130361,11/01/2025 16:52,Harassment,482 ALPHA AVE
APD,2025-00130363,11/01/2025 16:54,Assault - Simple,2330 SMITH RD
APD,2025-00130397,11/01/2025 18:07,Domestic Incident,2326 13TH ST SW
APD,2025-00130395,11/01/2025 18:28,Mental Illnesses,266 MELBOURNE AVE
APD,2025-00130418,11/01/2025 18:34,Custody Dispute,1180 NORDICA AVE
APD,2025-00130405,11/01/2025 18:58,Burglary,389 SHERMAN ST SUITE/LOT 102
APD,2025-00130408,11/01/2025 19:01,Theft/Larceny,1079 BIG FALLS AVE
APD,2025-00130414,11/01/2025 19:20,Criminal Damage / Mischief,435 W BARTGES ST
APD,2025-00130426,11/01/2025 19:47,Menacing/Stalking,1526 VERNON ODOM BLVD
APD,2025-00130436,11/01/2025 19:59,Domestic Incident,1240 SEWARD AVE
APD,2025-00130447,11/01/2025 21:18,Sex Offenses,801 W MARKET ST
APD,2025-00130456,11/01/2025 21:33,Overdose,1536 VERNON ODOM BLVD
APD,2025-00130455,11/01/2025 21:34,Mental Illnesses,2215 EAST AVE
APD,2025-00130472,11/01/2025 22:13,Vandalism,369 LODI ST
APD,2025-00130473,11/01/2025 22:19,Assault - Simple,502 SPICER ST SUITE/LOT 9
APD,2025-00130482,11/01/2025 22:53,Domestic Incident,811 BAIRD ST
APD,2025-00130489,11/01/2025 23:09,Domestic Incident,506 CROSBY ST
APD,2025-00130491,11/01/2025 23:14,Motor Veh Theft,489 BEECHWOOD DR
APD,2025-00130513,11/02/2025 00:04,Theft/Larceny,594 PARKVIEW AVE
APD,2025-00130526,11/02/2025 00:38,Drunkenness,486 SUMNER ST
APD,2025-00130528,11/02/2025 01:04,Criminal Damage / Mischief,634 E BUCHTEL AVE
APD,2025-00130547,11/02/2025 01:22,Domestic Incident,1444 FREDERICK BLVD
APD,2025-00130548,11/02/2025 01:28,Mental Illnesses,701 DRUID WALK SUITE/LOT D
APD,2025-00130558,11/02/2025 02:09,Motor Veh Theft,930 ALLENDALE AVE
APD,2025-00130579,11/02/2025 04:02,Overdose,74 E BROOKSIDE AVE
APD,2025-00130616,11/02/2025 08:29,Theft/Larceny,2420 WEDGEWOOD DR
APD,2025-00130630,11/02/2025 09:15,Domestic Incident,2 SOCRATES PL
APD,2025-00130631,11/02/2025 09:18,Menacing/Stalking,LIBERTY DR
APD,2025-00130640,11/02/2025 09:48,Theft/Larceny,839 GORGE BLVD
APD,2025-00130641,11/02/2025 10:00,Assault - Simple,884 CLAY ST
APD,2025-00130663,11/02/2025 10:44,All Others,1713 COPLEY RD
APD,2025-00130662,11/02/2025 10:59,Theft/Larceny,582 GLENDORA AVE
APD,2025-00130659,11/02/2025 11:04,Theft/Larceny,549 PICADILLY CIR
APD,2025-00130669,11/02/2025 11:08,Theft/Larceny,426 E WATERLOO RD
APD,2025-00130668,11/02/2025 11:21,Criminal Damage / Mischief,1415 MASSILLON RD
APD,2025-00130684,11/02/2025 11:47,Theft/Larceny,1122 MCKINLEY AVE
APD,2025-00130683,11/02/2025 12:05,Telecommunications Harassment,860 CRICKET CIR
APD,2025-00130715,11/02/2025 13:12,Sex Offenses,143 BRIGHTON DR
APD,2025-00130735,11/02/2025 13:16,Civil Matter,153 ROSWELL ST
APD,2025-00130719,11/02/2025 13:23,Assault - Aggravated,1226 PACKARD DR
APD,2025-00130718,11/02/2025 13:24,Sex Offenses,Unkown AKRON
APD,2025-00130722,11/02/2025 13:25,Runaway,382 COLE AVE
APD,2025-00130727,11/02/2025 13:44,Criminal Damage / Mischief,1221 LEESER AVE SUITE/LOT 4
APD,2025-00130734,11/02/2025 14:04,Domestic Incident,1087 LINDEN AVE
APD,2025-00130744,11/02/2025 14:29,Burglary,873 HAMMEL ST
APD,2025-00130775,11/02/2025 14:50,Civil Protection Order,575 ANDERSON AVE SUITE/LOT 5
APD,2025-00130752,11/02/2025 15:11,Weapons Law Violations,1215 MARCY ST
APD,2025-00130755,11/02/2025 15:18,Mental Illnesses,1335 GREENWOOD AVE
APD,2025-00130790,11/02/2025 16:18,Theft/Larceny,1361 INMAN ST
APD,2025-00130763,11/02/2025 16:20,Domestic Incident,880 RAYMOND ST
APD,2025-00130773,11/02/2025 16:31,Narcotics/Drug Laws,1889 VERNON ODOM BLVD
APD,2025-00130785,11/02/2025 17:16,Overdose,59 S MAPLE ST
APD,2025-00130804,11/02/2025 17:55,Weapons Law Violations,BUCKINGHAM ST/JOHNSTON ST
APD,2025-00130810,11/02/2025 18:06,Menacing/Stalking,1221 LEESER AVE SUITE/LOT 4
APD,2025-00130820,11/02/2025 18:29,Domestic Incident,1222 RENTAR LN
APD,2025-00130829,11/02/2025 18:57,Violation of Protection Order,1570 VERNON ODOM BLVD
APD,2025-00130881,11/02/2025 19:26,Violation of Protection Order,1371 CALIFORNIA AVE
APD,2025-00130855,11/02/2025 19:59,Theft/Larceny,FURNACE RUN DR/LOCKTENDER DR
APD,2025-00130856,11/02/2025 20:09,Domestic Incident,796 EUGENE ST
APD,2025-00130864,11/02/2025 20:23,Assault - Simple,400 LOCUST ST SUITE/LOT 907
APD,2025-00130867,11/02/2025 20:42,Weapons Law Violations,S MAPLE ST/CROSBY ST
APD,2025-00130873,11/02/2025 21:02,Domestic Incident,574 CHITTENDEN ST
APD,2025-00130894,11/02/2025 22:18,Theft/Larceny,563 SUMNER ST
APD,2025-00130896,11/02/2025 22:47,Menacing/Stalking,1332 ROWE ST
APD,2025-00130927,11/03/2025 00:16,Overdose,884 SHERIDAN AVE
APD,2025-00130949,11/03/2025 01:30,Assault - Simple,145 OLIVE ST
APD,2025-00130945,11/03/2025 01:31,Theft/Larceny,1526 VERNON ODOM BLVD
APD,2025-00130958,11/03/2025 03:03,Theft/Larceny,20 W WATERLOO RD
APD,2025-00130957,11/03/2025 03:04,Narcotics/Drug Laws,444 S MAPLE ST
APD,2025-00130961,11/03/2025 03:31,Assault - Simple,918 CADDO AVE
APD,2025-00130969,11/03/2025 04:38,Trespass,207 E MARKET ST
APD,2025-00130987,11/03/2025 07:20,Domestic Incident,925 ROCKY BROOK DR SUITE/LOT A
APD,2025-00131000,11/03/2025 08:20,Assault - Simple,2385 WEDGEWOOD DR
APD,2025-00131032,11/03/2025 09:37,Theft/Larceny,201 WESTOVER DR
APD,2025-00131025,11/03/2025 09:37,Menacing/Stalking,209 S HIGH ST
APD,2025-00131039,11/03/2025 10:05,Menacing/Stalking,414 E EXCHANGE ST
APD,2025-00131043,11/03/2025 10:21,Theft/Larceny,1111 INDEPENDENCE AVE SUITE/LOT 129
APD,2025-00131044,11/03/2025 10:21,Theft/Larceny,1430 ROSLYN AVE
APD,2025-00131078,11/03/2025 10:51,Criminal Damage / Mischief,1476 W MARKET ST
APD,2025-00131056,11/03/2025 11:05,Theft/Larceny,1305 E TALLMADGE AVE
APD,2025-00131067,11/03/2025 11:15,Vandalism,1477 COPLEY RD
UAPD,2025-00007341,11/03/2025 11:59,Motor Veh Theft,353 GRANT ST SUITE/LOT 369A
APD,2025-00131081,11/03/2025 12:15,Mental Illnesses,181 PARIS AVE
APD,2025-00131079,11/03/2025 12:17,Assault - Simple,1040 COPLEY RD
APD,2025-00131084,11/03/2025 12:22,Burglary,502 SPICER ST SUITE/LOT 4
APD,2025-00131087,11/03/2025 12:26,Theft/Larceny,20 W WATERLOO RD
APD,2025-00131088,11/03/2025 12:27,Unauthorized Use,168 GALE ST
APD,2025-00131095,11/03/2025 12:46,Unauthorized Use,1276 E ARCHWOOD AVE
APD,2025-00131093,11/03/2025 12:48,Fraud,295 BRITTAIN RD
APD,2025-00131103,11/03/2025 13:07,Theft/Larceny,440 W MARKET ST
APD,2025-00131107,11/03/2025 13:15,Theft/Larceny,557 MADISON AVE
APD,2025-00131118,11/03/2025 13:40,Theft/Larceny,7 MERRIMAN RD
APD,2025-00131129,11/03/2025 13:58,Violation of Protection Order,185 EMMONS AVE
APD,2025-00131131,11/03/2025 13:59,Theft/Larceny,416 WILDWOOD AVE SUITE/LOT 1
APD,2025-00131125,11/03/2025 14:00,Criminal Damage / Mischief,134 E IDO AVE
APD,2025-00131146,11/03/2025 14:35,Theft/Larceny,360 E WATERLOO RD
APD,2025-00131145,11/03/2025 14:45,Assault - Aggravated,1223 LOUISIANA AVE SUITE/LOT 2
APD,2025-00131186,11/03/2025 15:27,Harassment,733 W MARKET ST SUITE/LOT 504
APD,2025-00131167,11/03/2025 15:32,Assault - Simple,974 E MARKET ST
APD,2025-00131171,11/03/2025 15:38,Theft/Larceny,1063 DELIA AVE
APD,2025-00131180,11/03/2025 15:54,Menacing/Stalking,931 E MARKET ST
APD,2025-00131184,11/03/2025 16:05,Theft/Larceny,1367 ANDRUS ST
APD,2025-00131203,11/03/2025 16:11,Theft/Larceny,546 COLUMBIA AVE
APD,2025-00131201,11/03/2025 16:28,Trespass,1187 COPLEY RD
APD,2025-00131202,11/03/2025 16:35,Theft/Larceny,369 TRIGONIA DR
APD,2025-00131210,11/03/2025 16:54,Theft/Larceny,396 COLE AVE
APD,2025-00131225,11/03/2025 16:59,Domestic Incident,1150 TAYLOR ST
APD,2025-00131242,11/03/2025 17:07,Littering,1990 BUCHHOLZER BLVD
APD,2025-00131228,11/03/2025 17:20,Assault - Simple,1229 NIAGARA AVE
APD,2025-00131235,11/03/2025 17:35,Weapons Law Violations,1154 ACKLEY ST
APD,2025-00131254,11/03/2025 17:50,Theft/Larceny,1045 VERNON ODOM BLVD
APD,2025-00131263,11/03/2025 18:12,Menacing/Stalking,153 ROSWELL ST
APD,2025-00131262,11/03/2025 18:17,Incident Report Narrative,1823 DELIA AVE
APD,2025-00131272,11/03/2025 18:41,Death Investigation,247 KRYDER AVE
APD,2025-00131285,11/03/2025 19:13,Menacing/Stalking,1526 VERNON ODOM BLVD
APD,2025-00131291,11/03/2025 19:17,Theft/Larceny,635 N MAIN ST
APD,2025-00131302,11/03/2025 19:24,Child/Elder Abuse,433 GRANT ST SUITE/LOT 201
APD,2025-00131293,11/03/2025 19:40,Assault - Simple,1108 6TH AVE
APD,2025-00131326,11/03/2025 19:41,Domestic Incident,1346 HONODLE AVE
APD,2025-00131364,11/03/2025 19:53,Theft/Larceny,918 CADDO AVE
APD,2025-00131324,11/03/2025 19:57,Assault - Simple,898 W WILBETH RD
APD,2025-00131311,11/03/2025 20:05,Domestic Incident,905 N JENKINS BLVD
APD,2025-00131306,11/03/2025 20:11,Sex Offenses,1195 GIRARD ST
APD,2025-00131314,11/03/2025 20:45,Overdose,155 STEPHENS RD
APD,2025-00131348,11/03/2025 22:22,Weapons Law Violations,783 KLING ST
APD,2025-00131349,11/03/2025 22:27,Trespass,974 E MARKET ST
APD,2025-00131352,11/03/2025 22:39,Property Lost/Found/Damaged,1246 PRINCETON ST
APD,2025-00131366,11/03/2025 23:19,Narcotics/Drug Laws,HIGHBROOK ST/STEINER AVE
APD,2025-00131379,11/03/2025 23:52,Drunkenness,162 EDWARD AVE
APD,2025-00131382,11/04/2025 00:02,Domestic Incident,515 BEULAH AVE
APD,2025-00131380,11/04/2025 00:06,Narcotics/Drug Laws,E BUCHTEL AVE/E MARKET ST
APD,2025-00131383,11/04/2025 00:07,Disorderly Conduct,1063 FREDERICK BLVD
UAPD,2025-00007353,11/04/2025 00:12,Trespass,290 SPICER ST
APD,2025-00131405,11/04/2025 02:12,Trespass,1200 FIRESTONE PKWY
APD,2025-00131406,11/04/2025 02:18,Mental Illnesses,1526 S HAWKINS AVE
APD,2025-00131409,11/04/2025 02:31,Pursuit,HARPSTER AVE/26TH ST SW
APD,2025-00131415,11/04/2025 03:18,Breaking and Entering,85 MASSILLON RD
APD,2025-00131419,11/04/2025 03:51,Harassment,1133 5TH AVE
APD,2025-00131421,11/04/2025 04:07,Domestic Incident,1177 KEYS PL
APD,2025-00131430,11/04/2025 05:55,Death Investigation,522 BINA AVE
APD,2025-00131471,11/04/2025 06:57,Theft/Larceny,1716 GIRARD ST
APD,2025-00131454,11/04/2025 07:26,Trespass,946 E WATERLOO RD
APD,2025-00131455,11/04/2025 07:47,Domestic Incident,1273 GIRARD ST
APD,2025-00131456,11/04/2025 07:49,Menacing/Stalking,557 WEBER AVE SUITE/LOT UP
APD,2025-00131474,11/04/2025 08:47,Death Investigation,585 DIAGONAL RD SUITE/LOT 316
APD,2025-00131481,11/04/2025 08:59,Theft/Larceny,465 E CUYAHOGA FALLS AVE
APD,2025-00131478,11/04/2025 09:01,Violation of Protection Order,205 E CROSIER ST
APD,2025-00131500,11/04/2025 09:53,Theft/Larceny,737 KENMORE BLVD
APD,2025-00131524,11/04/2025 10:07,Domestic Incident,665 MINEOLA AVE
APD,2025-00131506,11/04/2025 10:20,Narcotics/Drug Laws,1079 S ARLINGTON ST
APD,2025-00131510,11/04/2025 10:23,Breaking and Entering,1200 BRITTAIN RD
APD,2025-00131508,11/04/2025 10:25,Theft/Larceny,535 GRIDLEY AVE
APD,2025-00131543,11/04/2025 10:26,Burglary,740 COLE AVE SUITE/LOT A
APD,2025-00131520,11/04/2025 10:52,Trespass,574 SHERMAN ST
UAPD,2025-00007361,11/04/2025 11:09,Theft/Larceny,303 CARROLL ST
APD,2025-00131532,11/04/2025 11:19,Criminal Damage / Mischief,82 S ARLINGTON ST
APD,2025-00131534,11/04/2025 11:37,Harassment,162 WESLEY PL
APD,2025-00131540,11/04/2025 11:45,Criminal Damage / Mischief,1 W MILL ST
APD,2025-00131571,11/04/2025 12:11,Criminal Damage / Mischief,2052 ROMIG RD
APD,2025-00131551,11/04/2025 12:19,Civil Matter,217 S HIGH ST
APD,2025-00131559,11/04/2025 12:36,Overdose,691 COPLEY RD SUITE/LOT A
APD,2025-00131568,11/04/2025 12:50,Theft/Larceny,850 INDIAN TRL
APD,2025-00131584,11/04/2025 13:11,Assault - Simple,1223 LOUISIANA AVE SUITE/LOT 2
APD,2025-00131592,11/04/2025 13:31,Theft/Larceny,440 W MARKET ST
APD,2025-00131593,11/04/2025 13:33,Mental Illnesses,1346 HONODLE AVE
APD,2025-00131600,11/04/2025 13:55,Criminal Damage / Mischief,I 76 E/I 277
APD,2025-00131631,11/04/2025 14:33,Theft/Larceny,1529 S MAIN ST
APD,2025-00131634,11/04/2025 14:45,Menacing/Stalking,190 E ARCHWOOD AVE
APD,2025-00131680,11/04/2025 15:01,Runaway,2772 PIKES AVE
APD,2025-00131659,11/04/2025 15:08,Criminal Damage / Mischief,47 N ARLINGTON ST
APD,2025-00131643,11/04/2025 15:08,Criminal Damage / Mischief,2834 MORRISON ST
APD,2025-00131645,11/04/2025 15:10,Criminal Damage / Mischief,686 SUMNER ST
APD,2025-00131662,11/04/2025 15:44,Incident Report Narrative,884 SHERIDAN AVE
APD,2025-00131671,11/04/2025 16:12,Domestic Incident,538 DOUGLAS ST
APD,2025-00131672,11/04/2025 16:14,Assault - Simple,E MILLER AVE/MARCY ST
APD,2025-00131681,11/04/2025 16:23,Theft/Larceny,942 ROSAMOND AVE
APD,2025-00131693,11/04/2025 16:34,Breaking and Entering,604 E BUCHTEL AVE
APD,2025-00131683,11/04/2025 16:35,Domestic Incident,1070 CHESAPEAKE DR
APD,2025-00131685,11/04/2025 16:40,Assault - Aggravated,226 VIERS CT
APD,2025-00131771,11/04/2025 17:02,Theft/Larceny,997 BROWN ST
APD,2025-00131705,11/04/2025 17:03,Burglary,819 GEORGIA AVE
UAPD,2025-00007368,11/04/2025 17:29,Criminal Damage / Mischief,255 E BUCHTEL AVE
APD,2025-00131731,11/04/2025 17:46,Burglary,526 WINANS AVE
APD,2025-00131777,11/04/2025 17:51,Theft/Larceny,1171 DUANE AVE
APD,2025-00131724,11/04/2025 17:58,Theft/Larceny,1739 BRITTAIN RD
APD,2025-00131732,11/04/2025 18:03,All Others,437 SUMNER ST SUITE/LOT K
APD,2025-00131734,11/04/2025 18:13,Menacing/Stalking,931 E MARKET ST SUITE/LOT 103
APD,2025-00131743,11/04/2025 18:36,Criminal Damage / Mischief,932 SPRINGDALE ST
APD,2025-00131755,11/04/2025 18:55,Violation of Protection Order,975 SNOWFALL SPUR SUITE/LOT B
APD,2025-00131761,11/04/2025 19:15,Assault - Simple,24 N PROSPECT ST
APD,2025-00131772,11/04/2025 19:46,Domestic Incident,268 EAST PARK BLVD
APD,2025-00131773,11/04/2025 19:51,Domestic Incident,299 MALACCA ST
APD,2025-00131776,11/04/2025 19:53,Mental Illnesses,1388 ORLANDO AVE
APD,2025-00131781,11/04/2025 19:58,Mental Illnesses,1265 LAFFER AVE
APD,2025-00131780,11/04/2025 20:10,Assault - Simple,1003 E CROSIER ST
APD,2025-00131802,11/04/2025 20:54,Theft/Larceny,1529 S MAIN ST
APD,2025-00131815,11/04/2025 21:21,Theft/Larceny,400 BRITTAIN RD
APD,2025-00131813,11/04/2025 22:22,Domestic Incident,445 S CANTON RD SUITE/LOT 3
APD,2025-00131817,11/04/2025 22:32,Mental Illnesses,290 BEAVER ST SUITE/LOT 2
APD,2025-00131818,11/04/2025 22:42,Theft/Larceny,1529 S MAIN ST
APD,2025-00131824,11/04/2025 22:57,Motor Veh Theft,16TH ST SW/KENMORE BLVD
APD,2025-00131835,11/04/2025 23:06,Weapons Law Violations,915 KENMORE BLVD
APD,2025-00131833,11/04/2025 23:25,All Others,670 W EXCHANGE ST
APD,2025-00131839,11/04/2025 23:48,OVI/DUI,S HAWKINS AVE/DIAGONAL RD
APD,2025-00131851,11/05/2025 00:23,Criminal Damage / Mischief,853 COPLEY RD
UAPD,2025-00007377,11/05/2025 00:40,Trespass,180 S COLLEGE ST
APD,2025-00131855,11/05/2025 00:43,Sex Offenses,730 CALLIS DR
APD,2025-00131857,11/05/2025 00:56,Assault - Aggravated,S MAIN ST/E WILBETH RD
APD,2025-00131863,11/05/2025 01:35,Criminal Damage / Mischief,634 KLING ST SUITE/LOT DOWN
APD,2025-00131862,11/05/2025 01:38,Missing Persons,KENMORE BLVD/12TH ST SW
APD,2025-00131888,11/05/2025 04:03,Domestic Incident,428 KIRN AVE
APD,2025-00131889,11/05/2025 04:32,Domestic Incident,1442 ALPHADA AVE SUITE/LOT B6
APD,2025-00131892,11/05/2025 05:14,Weapons Law Violations,885 N JENKINS BLVD
APD,2025-00131895,11/05/2025 05:35,Domestic Incident,1072 JOY AVE
APD,2025-00131912,11/05/2025 06:17,Breaking and Entering,1391 ANDRUS ST
APD,2025-00131923,11/05/2025 07:33,Theft/Larceny,788 ROSCOE AVE
APD,2025-00131929,11/05/2025 07:46,Unknown,400 LOCUST ST SUITE/LOT 1017
APD,2025-00131934,11/05/2025 07:54,Disorderly Conduct,1040 COPLEY RD
APD,2025-00131946,11/05/2025 08:03,Criminal Damage / Mischief,1281 MINSON WAY
APD,2025-00131961,11/05/2025 08:39,Criminal Damage / Mischief,50 COTTER AVE
APD,2025-00131960,11/05/2025 08:52,Theft/Larceny,1568 CHAPMAN DR
APD,2025-00131965,11/05/2025 08:54,Theft/Larceny,OLIVE ST/N MAIN ST
APD,2025-00131974,11/05/2025 09:13,Motor Veh Theft,875 MCKINLEY AVE
APD,2025-00131967,11/05/2025 09:17,Weapons Law Violations,16TH ST SW/OREGON AVE
APD,2025-00131979,11/05/2025 09:44,Theft/Larceny,25 S HIGHLAND AVE SUITE/LOT 2
APD,2025-00131982,11/05/2025 09:58,Domestic Incident,1906 6TH ST SW
APD,2025-00131988,11/05/2025 10:23,Death Investigation,25 OAKDALE AVE SUITE/LOT 8
APD,2025-00131998,11/05/2025 11:01,Theft/Larceny,1493 HOBART AVE
APD,2025-00132003,11/05/2025 11:18,Narcotics/Drug Laws,309 WOOLF AVE
APD,2025-00132013,11/05/2025 11:22,Theft/Larceny,714 KENMORE BLVD
APD,2025-00132012,11/05/2025 11:23,Theft/Larceny,1542 HOME AVE
APD,2025-00132019,11/05/2025 11:38,Domestic Incident,2297 NICHOLAS AVE
APD,2025-00132037,11/05/2025 11:42,Breaking and Entering,117 KENT CT
APD,2025-00132014,11/05/2025 11:53,Domestic Incident,1112 WINTON AVE
APD,2025-00132017,11/05/2025 11:59,Assault - Simple,214 W BOWERY ST
APD,2025-00132027,11/05/2025 12:07,Domestic Incident,557 MADISON AVE
APD,2025-00132044,11/05/2025 12:54,Bad Checks,975 EATON AVE
APD,2025-00132043,11/05/2025 12:59,Criminal Damage / Mischief,508 EVA AVE
APD,2025-00132054,11/05/2025 13:30,Fraud,1337 KENTUCKY AVE
APD,2025-00132053,11/05/2025 13:30,Civil Matter,939 SNYDER ST
APD,2025-00132063,11/05/2025 13:58,Menacing/Stalking,2385 WEDGEWOOD DR
APD,2025-00132073,11/05/2025 14:08,Assault - Simple,1381 BARCELONA DR
APD,2025-00132072,11/05/2025 14:10,Narcotics/Drug Laws,TRIPLETT BLVD/S ARLINGTON ST
APD,2025-00132153,11/05/2025 14:42,Domestic Incident,377 BREWER ST
APD,2025-00132098,11/05/2025 15:22,Theft/Larceny,654 UPPER MERRIMAN DR
APD,2025-00132101,11/05/2025 15:27,Overdose,1861 15TH ST SW
APD,2025-00132119,11/05/2025 15:56,All Others,1796 W WATERFORD CT SUITE/LOT 1414
APD,2025-00132115,11/05/2025 16:05,Unknown,805 STORER AVE
APD,2025-00132128,11/05/2025 16:12,Burglary,1627 SIMCOE AVE
APD,2025-00132221,11/05/2025 17:03,Burglary,48 S VALLEY ST SUITE/LOT 8
APD,2025-00132142,11/05/2025 17:07,Burglary,1815 OAKES DR
APD,2025-00132190,11/05/2025 18:38,All Others,209 MERRIMAN RD
APD,2025-00132193,11/05/2025 18:51,Criminal Damage / Mischief,133 S HAWKINS AVE
APD,2025-00132204,11/05/2025 19:11,Robbery,36 BOTNICK PLZ
APD,2025-00132207,11/05/2025 19:18,Domestic Incident,910 HEMLOCK HILLS DR SUITE/LOT B
APD,2025-00132214,11/05/2025 19:41,Weapons Law Violations,1643 TONAWANDA AVE
APD,2025-00132213,11/05/2025 19:41,Assault - Simple,1244 DELIA AVE
APD,2025-00132219,11/05/2025 19:52,Animal,1161 WOODWARD AVE
APD,2025-00132242,11/05/2025 19:54,Violation of Protection Order,1599 WHITE AVE
APD,2025-00132222,11/05/2025 20:05,Death Investigation,1280 BRITTAIN RD
APD,2025-00132230,11/05/2025 20:25,Criminal Damage / Mischief,1027 E WATERLOO RD
APD,2025-00132233,11/05/2025 20:56,Menacing/Stalking,46 S VALLEY ST
APD,2025-00132239,11/05/2025 21:06,Mental Illnesses,N HOWARD ST/W MILDRED AVE
APD,2025-00132237,11/05/2025 21:10,Domestic Incident,619 BELLEVUE AVE
APD,2025-00132251,11/05/2025 21:49,Overdose,1833 ADELAIDE BLVD
APD,2025-00132257,11/05/2025 22:04,Theft/Larceny,1581 HAMPTON KNOLL DR
APD,2025-00132266,11/05/2025 22:09,Civil Matter,365 NOAH AVE
APD,2025-00132264,11/05/2025 22:28,Arson,477 GRANT ST
APD,2025-00132279,11/05/2025 23:20,Narcotics/Drug Laws,ANDRUS ST/COLE AVE
APD,2025-00132288,11/05/2025 23:38,Criminal Damage / Mischief,MARYLAND AVE/8TH ST SW
APD,2025-00132303,11/06/2025 00:21,OVI/DUI,E MARKET ST/N BROADWAY ST
APD,2025-00132316,11/06/2025 00:32,Criminal Damage / Mischief,940 RIVER ST
APD,2025-00132308,11/06/2025 00:46,Domestic Incident,728 ROSELLE AVE
APD,2025-00132319,11/06/2025 02:17,Extortion/Blackmail,1030 GARMAN RD
APD,2025-00132324,11/06/2025 02:55,Domestic Incident,2905 MOGADORE RD
APD,2025-00132356,11/06/2025 06:43,Theft/Larceny,1137 E ARCHWOOD AVE
APD,2025-00132369,11/06/2025 07:53,All Others,1326 BROWN ST
APD,2025-00132389,11/06/2025 08:06,Theft/Larceny,2215 EAST AVE
APD,2025-00132374,11/06/2025 08:18,Theft/Larceny,2170 EASTGATE COMMONS DR
APD,2025-00132395,11/06/2025 09:03,Assault - Simple,302 SILVER ST SUITE/LOT 101
APD,2025-00132402,11/06/2025 09:27,Criminal Damage / Mischief,SCHILLER AVE/E TALLMADGE AVE
APD,2025-00132404,11/06/2025 09:33,Contraband,264 E CROSIER ST
APD,2025-00132407,11/06/2025 09:48,Theft/Larceny,1241 GRANT ST
APD,2025-00132417,11/06/2025 10:12,Burglary,1504 TYLER ST
APD,2025-00132414,11/06/2025 10:12,Pornography,1604 HAMPTON RD
APD,2025-00132418,11/06/2025 10:24,Assault - Aggravated,222 POWER ST
APD,2025-00132429,11/06/2025 11:03,Breaking and Entering,1575 FIRESTONE PKWY
APD,2025-00132445,11/06/2025 11:46,Burglary,234 S ARLINGTON ST
APD,2025-00132447,11/06/2025 11:58,Theft/Larceny,227 E TALLMADGE AVE
APD,2025-00132451,11/06/2025 12:05,Harassment,875 BLOOMFIELD AVE
APD,2025-00132455,11/06/2025 12:15,Sex Offenses,924 BERWIN ST
APD,2025-00132461,11/06/2025 12:40,Death Investigation,75 N PORTAGE PATH SUITE/LOT 200
APD,2025-00132462,11/06/2025 12:41,Assault - Simple,810 AMHERST ST SUITE/LOT 1
APD,2025-00132466,11/06/2025 13:08,Assault - Simple,262 IRA AVE
APD,2025-00132469,11/06/2025 13:20,Domestic Incident,760 PINE KNOLLS DR SUITE/LOT 7
APD,2025-00132471,11/06/2025 13:25,Theft/Larceny,999 CONCORD AVE
APD,2025-00132473,11/06/2025 13:35,Human Trafficking,1132 LAIRD ST SUITE/LOT 2
APD,2025-00132484,11/06/2025 14:08,Theft/Larceny,1600 BRITTAIN RD SUITE/LOT 526
APD,2025-00132490,11/06/2025 14:14,Menacing/Stalking,786 RAVENSWOOD ST
APD,2025-00132503,11/06/2025 14:25,Breaking and Entering,445 N ARLINGTON ST
APD,2025-00132497,11/06/2025 14:42,Unknown,1229 ROSLYN AVE
APD,2025-00132511,11/06/2025 14:57,Runaway,1455 MULTNOMA AVE
APD,2025-00132518,11/06/2025 15:18,Civil Matter,655 HAZEL ST
APD,2025-00132545,11/06/2025 15:22,Welfare Check,543 HAZEL PL
APD,2025-00132526,11/06/2025 15:30,Theft/Larceny,772 S MAIN ST
APD,2025-00132527,11/06/2025 15:30,Mental Illnesses,502 SPICER ST SUITE/LOT 4
APD,2025-00132517,11/06/2025 15:33,Sex Offenses,1216 LINDSAY AVE
APD,2025-00132525,11/06/2025 15:55,Overdose,323 E SOUTH ST
APD,2025-00132528,11/06/2025 16:02,Telecommunications Harassment,1361 INMAN ST
APD,2025-00132548,11/06/2025 16:36,Domestic Incident,769 DAVIES AVE
APD,2025-00132562,11/06/2025 17:13,Domestic Incident,1113 SANTEE AVE
APD,2025-00132570,11/06/2025 17:27,Theft/Larceny,999 PRINCETON ST
APD,2025-00132597,11/06/2025 17:42,Criminal Damage / Mischief,756 ROSELAWN AVE
APD,2025-00132584,11/06/2025 17:55,Theft/Larceny,768 N MAIN ST
APD,2025-00132591,11/06/2025 17:56,Domestic Incident,719 HAYDEN AVE
APD,2025-00132602,11/06/2025 18:35,Theft/Larceny,705 S ARLINGTON ST
APD,2025-00132609,11/06/2025 18:57,Theft/Larceny,778 GRANT ST
APD,2025-00132626,11/06/2025 19:17,Runaway,887 GARFIELD ST
APD,2025-00132663,11/06/2025 21:36,Receiving Stolen property,I 77 N/I 77 N TO VERNON ODOM BLVD
APD,2025-00132690,11/06/2025 22:58,Assault - Simple,770 E BUCHTEL AVE SUITE/LOT 209
APD,2025-00132691,11/06/2025 23:01,Narcotics/Drug Laws,MANCHESTER RD/KENMORE BLVD
APD,2025-00132702,11/06/2025 23:46,Motor Veh Theft,950 COPLEY RD
APD,2025-00132704,11/07/2025 00:01,Assault - Simple,427 W EXCHANGE ST
APD,2025-00132707,11/07/2025 00:05,Assault - Simple,1877 TRIPLETT BLVD
APD,2025-00132706,11/07/2025 00:05,Weapons Law Violations,1536 VERNON ODOM BLVD
APD,2025-00132712,11/07/2025 00:22,Criminal Damage / Mischief,1243 PARKLANE DR SUITE/LOT B
APD,2025-00132718,11/07/2025 00:58,Domestic Incident,270 E EMERLING AVE
APD,2025-00132735,11/07/2025 03:34,Narcotics/Drug Laws,SWEITZER AVE/COLE AVE
APD,2025-00132751,11/07/2025 06:12,Domestic Incident,727 MONTANA AVE
APD,2025-00132765,11/07/2025 07:43,Runaway,930 ALLENDALE AVE
APD,2025-00132767,11/07/2025 08:02,Weapons Law Violations,985 GORGE BLVD
UAPD,2025-00007437,11/07/2025 08:04,Telecommunications Harassment,353 GRANT ST SUITE/LOT 306
APD,2025-00132780,11/07/2025 08:53,Harassment,124 DARROW RD
APD,2025-00132788,11/07/2025 08:59,Receiving Stolen property,953 HARRISON AVE
APD,2025-00132782,11/07/2025 09:08,Domestic Incident,93 DONOVA LN
APD,2025-00132790,11/07/2025 09:11,Theft/Larceny,302 S CANTON RD
APD,2025-00132802,11/07/2025 09:48,Breaking and Entering,532 GRANT ST
APD,2025-00132853,11/07/2025 10:01,Theft/Larceny,413 ALEXANDER ST
APD,2025-00132816,11/07/2025 10:14,Receiving Stolen property,1520 VERNON ODOM BLVD
APD,2025-00132799,11/07/2025 10:19,Theft/Larceny,600 N MAIN ST
APD,2025-00132805,11/07/2025 10:32,Theft/Larceny,941 DIANA AVE
APD,2025-00132810,11/07/2025 10:43,Criminal Damage / Mischief,425 KENNEDY RD
APD,2025-00132813,11/07/2025 11:12,Theft/Larceny,905 FLORIDA AVE
APD,2025-00132824,11/07/2025 11:17,Menacing/Stalking,2159 22ND ST SW SUITE/LOT 20
APD,2025-00132823,11/07/2025 11:31,Mental Illnesses,866 NORTH POINT DR SUITE/LOT A
APD,2025-00132827,11/07/2025 11:47,Assault - Simple,1791 VERNON ODOM BLVD SUITE/LOT 415
APD,2025-00132830,11/07/2025 12:04,Breaking and Entering,1134 SHERMAN ST
APD,2025-00132837,11/07/2025 12:27,Menacing/Stalking,1596 ROMONA RD
APD,2025-00132838,11/07/2025 12:29,Burglary,288 E CUYAHOGA FALLS AVE SUITE/LOT 9
APD,2025-00132841,11/07/2025 12:33,Domestic Incident,944 HAYNES ST
APD,2025-00132848,11/07/2025 12:48,Theft/Larceny,1326 PONTIAC AVE
UAPD,2025-00007439,11/07/2025 12:52,Accident - No Inj,SHERMAN ST/TORREY ST
APD,2025-00132854,11/07/2025 12:58,Menacing/Stalking,380 MINEOLA AVE
APD,2025-00132867,11/07/2025 13:26,Theft/Larceny,1782 FORD AVE
APD,2025-00132882,11/07/2025 14:08,Sex Offenses,470 CASTLE BLVD
APD,2025-00132883,11/07/2025 14:13,All Others,2279 ROMIG RD
APD,2025-00132887,11/07/2025 14:25,Menacing/Stalking,I 77 S TO RIDGEWOOD RD
APD,2025-00132900,11/07/2025 15:05,Theft/Larceny,2905 MOGADORE RD
APD,2025-00132908,11/07/2025 15:24,Theft/Larceny,426 E WATERLOO RD
APD,2025-00132926,11/07/2025 15:27,Domestic Incident,350 S PORTAGE PATH
APD,2025-00132931,11/07/2025 15:37,Theft/Larceny,2090 16TH ST SW SUITE/LOT 10
APD,2025-00132948,11/07/2025 15:40,Theft/Larceny,471 TAMIAMI TRL
APD,2025-00132915,11/07/2025 15:48,Domestic Incident,802 DONALD AVE
UAPD,2025-00007442,11/07/2025 16:14,Theft/Larceny,S BROADWAY ST/E STATE ST
UAPD,2025-00007443,11/07/2025 16:27,Motor Veh Theft,275 S HIGH ST
APD,2025-00132954,11/07/2025 17:19,Domestic Incident,183 S PORTAGE PATH
APD,2025-00132958,11/07/2025 17:24,Domestic Incident,1468 ELDER AVE
APD,2025-00132959,11/07/2025 17:25,Overdose,489 S HAWKINS AVE
APD,2025-00132966,11/07/2025 17:44,Menacing/Stalking,SR 8 S TO I 76 W/I 77
APD,2025-00132979,11/07/2025 18:16,Domestic Incident,2930 WINGATE AVE
APD,2025-00132984,11/07/2025 18:17,Domestic Incident,1161 MARCY ST
APD,2025-00132985,11/07/2025 18:29,All Others,772 GLENDORA AVE
APD,2025-00132987,11/07/2025 18:41,Theft/Larceny,994 BROWN ST
APD,2025-00132990,11/07/2025 18:47,Death Investigation,2270 10TH ST SW
APD,2025-00132997,11/07/2025 18:55,Criminal Damage / Mischief,465 ALEXANDER ST
APD,2025-00133004,11/07/2025 19:23,Juvenile Complaints,750 CLEARVIEW AVE
APD,2025-00133019,11/07/2025 20:18,Mental Illnesses,289 E CUYAHOGA FALLS AVE SUITE/LOT 12
APD,2025-00133027,11/07/2025 20:46,Criminal Damage / Mischief,1559 ONONDAGO AVE
APD,2025-00133029,11/07/2025 20:50,Violation of Protection Order,2930 WINGATE AVE
APD,2025-00133056,11/07/2025 21:44,Domestic Incident,984 MCKINLEY AVE
APD,2025-00133067,11/07/2025 21:55,Telecommunications Harassment,324 STRADER AVE
APD,2025-00133062,11/07/2025 21:59,Weapons Law Violations,465 ALEXANDER ST
APD,2025-00133070,11/07/2025 22:26,Narcotics/Drug Laws,VICTORY ST/W LONG ST
APD,2025-00133071,11/07/2025 22:27,Domestic Incident,941 RIVER ST
APD,2025-00133074,11/07/2025 22:34,Domestic Incident,1200 S ARLINGTON ST
APD,2025-00133083,11/07/2025 23:05,Overdose,1313 ANDRUS ST
APD,2025-00133108,11/07/2025 23:09,Theft/Larceny,1626 SALEM AVE
APD,2025-00133092,11/07/2025 23:17,Suicide Attempt,254 WESTWOOD AVE
APD,2025-00133125,11/08/2025 00:55,Theft/Larceny,590 E MARKET ST
APD,2025-00133129,11/08/2025 01:41,Domestic Incident,2617 SHELBURN AVE
APD,2025-00133131,11/08/2025 01:52,Obstruction,700 E EXCHANGE ST
APD,2025-00133133,11/08/2025 02:00,Domestic Incident,176 WESLEY PL
APD,2025-00133140,11/08/2025 02:47,Criminal Damage / Mischief,89 E ROSEWOOD AVE
APD,2025-00133145,11/08/2025 03:22,Unauthorized Use,65 BYERS AVE SUITE/LOT 1007
APD,2025-00133146,11/08/2025 03:27,Criminal Damage / Mischief,207 E MARKET ST
APD,2025-00133161,11/08/2025 05:34,Domestic Incident,585 DIAGONAL RD
APD,2025-00133164,11/08/2025 05:55,Narcotics/Drug Laws,SWEITZER AVE/E MILLER AVE
APD,2025-00133166,11/08/2025 06:10,Domestic Incident,1264 HAZELWOOD AVE
APD,2025-00133172,11/08/2025 07:35,Domestic Incident,795 COLE AVE
APD,2025-00133182,11/08/2025 08:08,Unauthorized Use,1636 MOHAWK DR
APD,2025-00133196,11/08/2025 08:21,Domestic Incident,906 EVA AVE
APD,2025-00133177,11/08/2025 08:23,Assault - Aggravated,2073 TIMBER TRL
APD,2025-00133192,11/08/2025 09:43,Menacing/Stalking,1526 S HAWKINS AVE
APD,2025-00133219,11/08/2025 09:54,Vandalism,ROMIG RD/KENDALE DR
APD,2025-00133218,11/08/2025 10:51,Menacing/Stalking,821 BRITTAIN RD
APD,2025-00133213,11/08/2025 10:59,Incident Report Narrative,676 E WILBETH RD
APD,2025-00133220,11/08/2025 11:14,Theft/Larceny,1795 THORNAPPLE AVE
APD,2025-00133224,11/08/2025 11:36,Theft/Larceny,978 AVON ST
APD,2025-00133231,11/08/2025 11:56,All Others,217 S HIGH ST
APD,2025-00133235,11/08/2025 12:07,Weapons Law Violations,1023 HARTFORD AVE
APD,2025-00133236,11/08/2025 12:11,Criminal Damage / Mischief,55 FIR HILL
APD,2025-00133250,11/08/2025 12:55,Domestic Incident,992 5TH AVE
APD,2025-00133254,11/08/2025 12:56,Theft/Larceny,998 S MAIN ST
APD,2025-00133256,11/08/2025 13:27,Sex Offenses,217 S HIGH ST
APD,2025-00133259,11/08/2025 13:32,Voyeurism,1059 HARRISON AVE
APD,2025-00133257,11/08/2025 13:33,Theft/Larceny,31 E FIRESTONE BLVD SUITE/LOT 13B
APD,2025-00133269,11/08/2025 14:00,Mental Illnesses,S ARLINGTON ST/BARBARA AVE
APD,2025-00133273,11/08/2025 14:18,Domestic Incident,479 AULD FARM CIR
APD,2025-00133281,11/08/2025 14:28,Weapons Law Violations,1154 ACKLEY ST
APD,2025-00133279,11/08/2025 14:50,Burglary,544 CARPENTER ST SUITE/LOT A7
APD,2025-00133287,11/08/2025 15:20,Domestic Incident,1930 S GARDEN COURT DR
APD,2025-00133288,11/08/2025 15:24,Theft/Larceny,1187 CRESTVIEW AVE
APD,2025-00133293,11/08/2025 15:38,Disorderly Conduct,S RHODES AVE/W EXCHANGE ST
APD,2025-00133324,11/08/2025 15:56,Sex Offenses,807 HUBER ST
APD,2025-00133300,11/08/2025 16:17,Mental Illnesses,380 W CROSIER ST
APD,2025-00133307,11/08/2025 16:33,Breaking and Entering,1529 S ARLINGTON ST
APD,2025-00133318,11/08/2025 16:42,Sex Offenses,1448 ALPHADA AVE SUITE/LOT A1
APD,2025-00133313,11/08/2025 16:49,Assault - Simple,910 WHITTIER AVE
APD,2025-00133316,11/08/2025 17:00,Theft/Larceny,1213 CRESTVIEW AVE
APD,2025-00133325,11/08/2025 17:19,Missing Persons,1829 FLINT AVE
APD,2025-00133328,11/08/2025 17:32,OVI/DUI,VERNON ODOM BLVD to I 77 S/I 77
APD,2025-00133333,11/08/2025 17:36,Domestic Incident,1101 INDEPENDENCE AVE SUITE/LOT 121
APD,2025-00133330,11/08/2025 17:37,Mental Illnesses,1353 GREENWOOD AVE
APD,2025-00133378,11/08/2025 20:29,Domestic Incident,500 FOUSE AVE
APD,2025-00133412,11/08/2025 20:29,Burglary,1212 NEPTUNE AVE
APD,2025-00133377,11/08/2025 20:31,Overdose,1134 TONAWANDA AVE
APD,2025-00133401,11/08/2025 21:03,Endangering Children,15 S HIGHLAND AVE SUITE/LOT 4
APD,2025-00133386,11/08/2025 21:07,Sex Offenses,1591 MANCHESTER RD
APD,2025-00133388,11/08/2025 21:07,Assault - Simple,1574 MERRILL AVE
APD,2025-00133389,11/08/2025 21:19,Breaking and Entering,1628 OAKWOOD AVE
APD,2025-00133395,11/08/2025 21:27,Domestic Incident,560 SCHILLER AVE
APD,2025-00133394,11/08/2025 21:35,Overdose,846 EVA AVE
APD,2025-00133416,11/08/2025 21:42,Criminal Damage / Mischief,50 COTTER AVE SUITE/LOT 210
APD,2025-00133515,11/09/2025 07:45,Trespass,1256 GRANT ST
APD,2025-00133518,11/09/2025 08:02,Harassment,2462 26TH ST SW
APD,2025-00133528,11/09/2025 09:19,Theft/Larceny,501 N FIRESTONE BLVD
APD,2025-00133556,11/09/2025 10:36,Criminal Damage / Mischief,50 COTTER AVE
APD,2025-00133570,11/09/2025 11:46,Theft/Larceny,670 HANCOCK AVE
APD,2025-00133580,11/09/2025 12:22,Theft/Larceny,396 HOWE AVE
APD,2025-00133585,11/09/2025 12:37,Motor Veh Theft,920 COLUMBIA AVE
APD,2025-00133586,11/09/2025 12:44,Violation of Protection Order,324 STRADER AVE
APD,2025-00133596,11/09/2025 13:12,Assault - Simple,637 TALLKRON DR
APD,2025-00133598,11/09/2025 13:13,Incident Report Narrative,56 S FORGE ST
APD,2025-00133606,11/09/2025 13:14,Fraud,354 CLEVELAND ST
APD,2025-00133597,11/09/2025 13:17,Death Investigation,721 EVA WALK SUITE/LOT B
APD,2025-00133617,11/09/2025 14:31,Theft/Larceny,1423 CREIGHTON AVE
UAPD,2025-00007498,11/09/2025 14:34,Suicide Attempt,180 E EXCHANGE ST SUITE/LOT 202
APD,2025-00133636,11/09/2025 15:53,All Others,383 REED AVE
APD,2025-00133642,11/09/2025 16:24,Trespass,1499 BEARDSLEY ST
APD,2025-00133644,11/09/2025 16:26,Unauthorized Use,1031 KENMORE BLVD
APD,2025-00133647,11/09/2025 16:42,Incident Report Narrative,DELMAR AVE/E YORK ST
APD,2025-00133656,11/09/2025 16:57,Warrant Service,1776 SYCAMORE ST
APD,2025-00133663,11/09/2025 17:10,Trespass,1396 MINSON WAY
APD,2025-00133693,11/09/2025 19:38,Narcotics/Drug Laws,PILGRIM ST/BATTERY B ST
APD,2025-00133708,11/09/2025 20:29,Domestic Incident,1099 E TALLMADGE AVE
APD,2025-00133713,11/09/2025 20:29,Custody Dispute,1105 CHESAPEAKE DR
APD,2025-00133716,11/09/2025 20:50,Missing Persons,2337 17TH ST SW
APD,2025-00133721,11/09/2025 21:04,Domestic Incident,740 PINE KNOLLS DR SUITE/LOT 5
APD,2025-00133715,11/09/2025 21:06,Domestic Incident,826 N HOWARD ST
APD,2025-00133722,11/09/2025 21:36,Overdose,585 DIAGONAL RD SUITE/LOT 319
APD,2025-00133725,11/09/2025 22:04,Liquor Law Violations,HAZEL ST/N ARLINGTON ST
APD,2025-00133732,11/09/2025 22:38,Narcotics/Drug Laws,S RHODES AVE/W THORNTON ST
APD,2025-00133739,11/09/2025 22:52,Mental Illnesses,477 E MARKET ST
APD,2025-00133783,11/10/2025 01:08,Assault - Simple,891 JOSEPH AVE SUITE/LOT A
APD,2025-00133805,11/10/2025 04:59,Domestic Incident,1361 MASSILLON RD SUITE/LOT C
APD,2025-00133808,11/10/2025 05:24,Neighbor Dispute,901 E BUCHTEL AVE
APD,2025-00133818,11/10/2025 06:15,Missing Persons,826 N HOWARD ST
APD,2025-00133813,11/10/2025 06:40,Menacing/Stalking,122 MIDDLEBURY AVE
APD,2025-00133825,11/10/2025 07:50,Violation of Protection Order,1781 ADELAIDE BLVD
APD,2025-00133852,11/10/2025 08:34,Menacing/Stalking,687 CALLIS OVAL SUITE/LOT B
APD,2025-00133842,11/10/2025 08:44,Theft/Larceny,237 FOUNTAIN ST
APD,2025-00133841,11/10/2025 08:51,Weapons Law Violations,1020 HARTFORD AVE
APD,2025-00133848,11/10/2025 09:01,Criminal Damage / Mischief,77 FIR HILL SUITE/LOT 9C9
APD,2025-00133850,11/10/2025 09:07,Property Lost/Found/Damaged,1733 CROMWELL DR
APD,2025-00133854,11/10/2025 09:24,Sex Offenses,BROWN ST/N FIRESTONE BLVD
APD,2025-00133857,11/10/2025 09:28,Theft/Larceny,116 WALDORF DR
APD,2025-00133860,11/10/2025 09:40,Menacing/Stalking,1999 EAST AVE
APD,2025-00133868,11/10/2025 10:09,Sex Offenses,2481 PELTON AVE
APD,2025-00133875,11/10/2025 10:27,Criminal Damage / Mischief,1895 HIGHVIEW AVE
APD,2025-00133886,11/10/2025 10:51,Incident Report Narrative,25 BROAD ST SUITE/LOT 102
APD,2025-00133904,11/10/2025 11:38,Fraud,1536 SALEM AVE
APD,2025-00133900,11/10/2025 11:52,Sex Offenses,650 DAN ST
APD,2025-00133908,11/10/2025 12:13,Mental Illnesses,1999 EAST AVE
APD,2025-00133917,11/10/2025 12:33,Domestic Incident,1614 TREETOP TRL SUITE/LOT A
APD,2025-00133918,11/10/2025 12:38,Assault - Simple,1791 VERNON ODOM BLVD SUITE/LOT 312
APD,2025-00133926,11/10/2025 13:05,Unknown,888 EDGE ST
APD,2025-00133933,11/10/2025 13:24,Violation of Protection Order,S HIGH ST/UNIVERSITY AVE
APD,2025-00133937,11/10/2025 13:40,Criminal Damage / Mischief,508 E BUCHTEL AVE SUITE/LOT 3A
APD,2025-00133939,11/10/2025 14:00,Death Investigation,1482 WOODBIRCH AVE
APD,2025-00133940,11/10/2025 14:03,Theft/Larceny,320 HAMPSHIRE RD
APD,2025-00133942,11/10/2025 14:07,Fraud,469 HILLMAN RD
APD,2025-00133974,11/10/2025 14:12,Fraud,276 NOBLE AVE
APD,2025-00133944,11/10/2025 14:16,Narcotics/Drug Laws,GRANT ST/E VORIS ST
APD,2025-00133948,11/10/2025 14:33,Menacing/Stalking,227 E TALLMADGE AVE
APD,2025-00134000,11/10/2025 15:23,Fraud,1670 SHATTO AVE
APD,2025-00133994,11/10/2025 15:59,Assault - Simple,1770 TREETOP TRL SUITE/LOT C
APD,2025-00134008,11/10/2025 16:08,Theft/Larceny,71 IRA AVE
APD,2025-00133989,11/10/2025 16:23,Theft/Larceny,544 DARROW RD
APD,2025-00133992,11/10/2025 16:33,Pursuit,JOHNSTON ST/HAMMEL ST
APD,2025-00133993,11/10/2025 16:33,Theft/Larceny,ALICIA WALK/INMAN ST
APD,2025-00134026,11/10/2025 17:43,Mental Illnesses,981 DAN ST
APD,2025-00134033,11/10/2025 18:06,Death Investigation,1230 DUNDEE AVE
APD,2025-00134043,11/10/2025 18:29,Menacing/Stalking,946 W EXCHANGE ST SUITE/LOT 2
APD,2025-00134044,11/10/2025 18:48,Child/Elder Abuse,1104 HARDESTY BLVD
APD,2025-00134051,11/10/2025 19:02,Theft/Larceny,BROWN ST/MORGAN AVE
APD,2025-00134055,11/10/2025 19:08,Menacing/Stalking,1522 S MAIN ST
APD,2025-00134060,11/10/2025 19:31,Violation of Protection Order,324 STRADER AVE
APD,2025-00134062,11/10/2025 19:37,Menacing/Stalking,445 S MAPLE ST SUITE/LOT 18
APD,2025-00134067,11/10/2025 19:53,Domestic Incident,551 ALAHO ST
APD,2025-00134071,11/10/2025 20:00,Menacing/Stalking,1870 17TH ST SW
APD,2025-00134078,11/10/2025 20:25,Accident,W THORNTON ST
APD,2025-00134092,11/10/2025 20:32,Domestic Incident,80 E EXCHANGE ST SUITE/LOT 462B
APD,2025-00134083,11/10/2025 20:47,Weapons Law Violations,S ARLINGTON ST/ROSEMARY BLVD
APD,2025-00134091,11/10/2025 20:55,Criminal Damage / Mischief,1284 MAGNOLIA AVE
APD,2025-00134110,11/10/2025 21:00,Vandalism,82 S ARLINGTON ST
APD,2025-00134089,11/10/2025 21:17,Death Investigation,876 FREDERICK BLVD
APD,2025-00134108,11/10/2025 21:46,Theft/Larceny,645 CARROLL ST
APD,2025-00134099,11/10/2025 21:53,Missing Persons,755 N FIRESTONE BLVD
APD,2025-00134101,11/10/2025 21:59,Assault - Simple,300 E RALSTON AVE
APD,2025-00134114,11/10/2025 22:37,Weapons Law Violations,CHITTENDEN ST/MCKINLEY AVE
APD,2025-00134124,11/10/2025 22:59,Theft/Larceny,753 N MAIN ST
APD,2025-00134131,11/10/2025 23:25,Liquor Law Violations,935 E TALLMADGE AVE
APD,2025-00134142,11/11/2025 00:00,Motor Veh Theft,426 FERNWOOD DR
APD,2025-00134151,11/11/2025 00:26,Assault - Aggravated,30 WOOLF AVE
APD,2025-00134157,11/11/2025 00:54,Sex Offenses,1018 BYE ST
APD,2025-00134167,11/11/2025 01:53,Narcotics/Drug Laws,S RHODES AVE/COLFAX PL
APD,2025-00134199,11/11/2025 05:51,Criminal Damage / Mischief,2036 18TH ST SW
APD,2025-00134202,11/11/2025 06:48,Domestic Incident,172 ELIZABETH PKWY
APD,2025-00134207,11/11/2025 07:23,Theft/Larceny,285 CHANNELWOOD CIR SUITE/LOT 715
APD,2025-00134224,11/11/2025 07:48,Criminal Damage / Mischief,406 SUMNER ST SUITE/LOT B2
APD,2025-00134221,11/11/2025 08:11,Fraud,1747 COPLEY RD
APD,2025-00134242,11/11/2025 08:40,Theft/Larceny,42 E MILDRED AVE
APD,2025-00134240,11/11/2025 09:00,Property Lost/Found/Damaged,393 SUMNER ST
APD,2025-00133397,11/08/2025 21:48,Domestic Incident,850 OBERLIN ST
APD,2025-00133410,11/08/2025 22:26,Domestic Incident,2790 ALBRECHT AVE
APD,2025-00133441,11/09/2025 00:09,Narcotics/Drug Laws,EAST AVE/FLORIDA AVE
APD,2025-00133460,11/09/2025 01:24,Domestic Incident,1030 SAXON AVE
APD,2025-00133471,11/09/2025 02:10,Mental Illnesses,487 REXFORD ST
APD,2025-00133474,11/09/2025 02:23,Menacing/Stalking,TREESIDE DR/DOMINION DR
APD,2025-00133480,11/09/2025 02:43,Death Investigation,63 N VALLEY ST
APD,2025-00133485,11/09/2025 03:05,Criminal Damage / Mischief,629 KLING ST SUITE/LOT 1
APD,2025-00133486,11/09/2025 03:15,Narcotics/Drug Laws,BRITTAIN RD/ONONDAGO AVE
APD,2025-00133497,11/09/2025 04:59,Menacing/Stalking,778 GRANT ST
APD,2025-00134259,11/11/2025 10:08,Theft/Larceny,2275 EASTWOOD AVE
APD,2025-00134261,11/11/2025 10:11,Theft/Larceny,959 HEREFORD DR
APD,2025-00134269,11/11/2025 10:27,Sex Offenses,753 JOHNSTON ST
APD,2025-00134267,11/11/2025 10:45,Assault - Simple,1040 COPLEY RD
APD,2025-00134272,11/11/2025 10:47,Theft/Larceny,145 SHELDON DR
APD,2025-00134293,11/11/2025 11:48,Criminal Damage / Mischief,969 REED AVE
APD,2025-00134299,11/11/2025 12:28,Theft/Larceny,741 ALICIA WALK
APD,2025-00134303,11/11/2025 12:42,Harassment,708 NOBLE AVE
APD,2025-00134306,11/11/2025 12:46,Mental Illnesses,470 CASTLE BLVD
APD,2025-00134391,11/11/2025 15:14,Theft/Larceny,1608 EAST AVE
APD,2025-00134373,11/11/2025 15:26,Theft/Larceny,1308 NIAGARA AVE
APD,2025-00134414,11/11/2025 16:07,Domestic Incident,660 SEIBERLING ST
APD,2025-00134392,11/11/2025 16:14,Theft/Larceny,600 N MAIN ST
APD,2025-00134397,11/11/2025 16:23,Theft/Larceny,772 S MAIN ST
APD,2025-00134416,11/11/2025 16:33,Theft/Larceny,1212 NEPTUNE AVE
APD,2025-00134408,11/11/2025 16:34,Menacing/Stalking,1035 JOHNSTON ST
APD,2025-00134412,11/11/2025 16:57,Menacing/Stalking,1200 E WATERLOO RD
UAPD,2025-00007552,11/11/2025 16:59,Assault - Simple,248 E BUCHTEL AVE
APD,2025-00134310,11/11/2025 12:49,Menacing/Stalking,551 CARROLL ST
APD,2025-00134321,11/11/2025 13:30,Incident Report Narrative,400 W MARKET ST
APD,2025-00134330,11/11/2025 13:53,Theft/Larceny,1435 KELLY AVE
APD,2025-00134331,11/11/2025 14:00,Child/Elder Abuse,286 JULIEN CT
APD,2025-00134340,11/11/2025 14:14,All Others,1485 DIAGONAL RD
APD,2025-00134344,11/11/2025 14:29,Domestic Incident,1521 S ARLINGTON ST
APD,2025-00134345,11/11/2025 14:30,Assault - Aggravated,557 E WATERLOO RD
APD,2025-00134410,11/11/2025 14:58,Theft/Larceny,763 KENMORE BLVD
APD,2025-00134425,11/11/2025 17:18,Menacing/Stalking,2222 17TH ST SW
APD,2025-00134431,11/11/2025 17:54,Missing Persons,512 E TALLMADGE AVE
APD,2025-00134429,11/11/2025 17:55,Menacing/Stalking,I 277 E TO S MAIN ST/S MAIN ST
APD,2025-00134452,11/11/2025 19:00,Theft/Larceny,848 FESS AVE
APD,2025-00134468,11/11/2025 20:00,All Others,1500 HILLCREST ST
APD,2025-00134472,11/11/2025 20:41,Trespass,1177 ROSEMARY BLVD
APD,2025-00134479,11/11/2025 21:03,Use of Force,2790 ALBRECHT AVE
APD,2025-00134487,11/11/2025 21:51,Criminal Damage / Mischief,160 WESTWOOD AVE
APD,2025-00134490,11/11/2025 22:14,Theft/Larceny,406 SUMNER ST
APD,2025-00134509,11/11/2025 23:59,Menacing/Stalking,1187 CRESTVIEW AVE
APD,2025-00134530,11/12/2025 01:50,Domestic Incident,1974 9TH ST SW
APD,2025-00134545,11/12/2025 02:40,Mental Illnesses,1197 CALIFORNIA AVE
APD,2025-00134537,11/12/2025 03:06,Assault - Simple,1505 ASTER AVE
APD,2025-00134565,11/12/2025 07:38,Theft/Larceny,1270 NEPTUNE AVE
APD,2025-00134570,11/12/2025 07:53,Menacing/Stalking,1999 EAST AVE
APD,2025-00134577,11/12/2025 07:54,Theft/Larceny,520 N ARLINGTON ST
APD,2025-00134593,11/12/2025 09:23,Breaking and Entering,461 WATER ST
APD,2025-00134602,11/12/2025 09:46,Menacing/Stalking,759 E WILBETH RD
APD,2025-00134607,11/12/2025 10:11,Property Lost/Found/Damaged,1111 INDEPENDENCE AVE
APD,2025-00134615,11/12/2025 10:49,Endangering Children,1302 MARCY ST
APD,2025-00134623,11/12/2025 11:35,Menacing/Stalking,57 S BROADWAY ST
APD,2025-00134639,11/12/2025 11:54,All Others,878 CARPENTER ST
APD,2025-00134633,11/12/2025 12:01,Theft/Larceny,470 HOWE AVE
APD,2025-00134642,11/12/2025 12:02,Theft/Larceny,1608 EAST AVE
APD,2025-00134636,11/12/2025 12:10,Theft/Larceny,217 S HIGH ST
APD,2025-00134643,11/12/2025 12:24,Mental Illnesses,1438 MINSON WAY
APD,2025-00134652,11/12/2025 12:54,Overdose,264 E CROSIER ST
APD,2025-00134663,11/12/2025 13:11,Theft/Larceny,2042 13TH ST SW
APD,2025-00134656,11/12/2025 13:13,Theft/Larceny,1442 ALPHADA AVE
APD,2025-00134661,11/12/2025 13:24,Unauthorized Use,994 BROWN ST
APD,2025-00134657,11/12/2025 13:28,Missing Persons,476 KECK ST
APD,2025-00134659,11/12/2025 13:33,Theft/Larceny,94 CASTLE BLVD
APD,2025-00134662,11/12/2025 13:46,Telecommunications Harassment,2045 AKRON-PENINSULA RD
APD,2025-00134668,11/12/2025 14:06,Death Investigation,344 HILLWOOD DR
UAPD,2025-00007584,11/12/2025 15:05,Disorderly Conduct,277 E BUCHTEL AVE
APD,2025-00134735,11/12/2025 15:07,All Others,126 S PORTAGE PATH
APD,2025-00134694,11/12/2025 15:14,Menacing/Stalking,551 CARROLL ST
APD,2025-00134701,11/12/2025 15:29,Robbery,42 E TALLMADGE AVE
APD,2025-00134709,11/12/2025 15:43,Trespass,502 SPICER ST
APD,2025-00134718,11/12/2025 15:59,Burglary,1169 EVANS AVE
APD,2025-00134729,11/12/2025 16:01,Missing Persons,392 NOAH AVE
APD,2025-00134736,11/12/2025 16:34,Theft/Larceny,2003 BUCHHOLZER BLVD
APD,2025-00134778,11/12/2025 18:08,All Others,977 HUNT ST
APD,2025-00134779,11/12/2025 18:11,Theft/Larceny,970 COPLEY RD
APD,2025-00134780,11/12/2025 18:15,Theft/Larceny,370 W BOWERY ST
APD,2025-00134790,11/12/2025 18:42,Mental Illnesses,323 S MAIN ST
APD,2025-00134802,11/12/2025 18:47,Runaway,1023 WINTON AVE
APD,2025-00134800,11/12/2025 19:10,Domestic Incident,281 E NORTH ST
APD,2025-00134804,11/12/2025 19:14,Burglary,2185 22ND ST SW
APD,2025-00134817,11/12/2025 20:10,Theft/Larceny,1940 18TH ST SW
APD,2025-00134904,11/13/2025 01:03,Mental Illnesses,983 HEMLOCK HILLS DR
APD,2025-00134907,11/13/2025 01:08,Assault - Simple,52 CICERO PLZ
APD,2025-00134908,11/13/2025 01:17,Criminal Damage / Mischief,1000 E WATERLOO RD
APD,2025-00134915,11/13/2025 01:54,Domestic Incident,352 MALACCA ST
APD,2025-00134924,11/13/2025 02:30,Trespass,775 EXCELSIOR AVE
APD,2025-00134937,11/13/2025 03:46,Receiving Stolen property,895 E TALLMADGE AVE
APD,2025-00134948,11/13/2025 05:02,Domestic Incident,891 N JENKINS BLVD
APD,2025-00134950,11/13/2025 05:25,Domestic Incident,425 SHERMAN ST
APD,2025-00134964,11/13/2025 07:08,Theft/Larceny,2275 EASTWOOD AVE
APD,2025-00134991,11/13/2025 08:01,Runaway,490 ALLYN ST
APD,2025-00134975,11/13/2025 08:06,Narcotics/Drug Laws,2385 WEDGEWOOD DR
APD,2025-00134985,11/13/2025 08:17,Vandalism,100 BEECH ST
APD,2025-00134993,11/13/2025 08:47,Theft/Larceny,477 WHITE POND DR
APD,2025-00134995,11/13/2025 08:56,Sex Offenses,1248 GIRARD ST
APD,2025-00135004,11/13/2025 09:13,Theft/Larceny,522 E CUYAHOGA FALLS AVE
APD,2025-00135011,11/13/2025 09:44,Menacing/Stalking,107 S ARLINGTON ST
APD,2025-00135016,11/13/2025 10:11,Theft/Larceny,770 COLETTE DR
APD,2025-00135050,11/13/2025 10:44,Trespass,400 LOCUST ST
APD,2025-00135032,11/13/2025 10:53,All Others,918 CADDO AVE
APD,2025-00135044,11/13/2025 10:57,Menacing/Stalking,410 LOCUST ST
APD,2025-00135046,11/13/2025 11:18,Welfare Check,1767 CROMWELL DR
APD,2025-00135039,11/13/2025 11:24,Unauthorized Use,1295 ROSLYN AVE
APD,2025-00135072,11/13/2025 11:33,Criminal Damage / Mischief,275 W MARKET ST
APD,2025-00135059,11/13/2025 12:12,Assault - Simple,2385 WEDGEWOOD DR
APD,2025-00135062,11/13/2025 12:26,Menacing/Stalking,962 AUSTIN AVE
APD,2025-00135074,11/13/2025 12:56,Narcotics/Drug Laws,S MAIN ST S TO I 76 E I 77 S/S MAIN ST
APD,2025-00135077,11/13/2025 12:58,Civil Matter,855 S ARLINGTON ST
APD,2025-00135078,11/13/2025 13:02,Assault - Simple,1040 COPLEY RD
APD,2025-00135082,11/13/2025 13:12,Disorderly Conduct,470 CASTLE BLVD
APD,2025-00135090,11/13/2025 13:23,Fraud,800 W WATERLOO RD
APD,2025-00135094,11/13/2025 13:40,Weapons Law Violations,1128 7TH AVE
APD,2025-00135111,11/13/2025 13:47,Assault - Simple,1200 E MARKET ST
APD,2025-00135114,11/13/2025 13:52,Fraud,515 PALISADES DR
APD,2025-00135106,11/13/2025 14:03,Theft/Larceny,374 E CATAWBA AVE
APD,2025-00135118,11/13/2025 14:26,Menacing/Stalking,184 E VORIS ST
APD,2025-00135126,11/13/2025 14:33,Theft/Larceny,2151 COOLEDGE AVE
APD,2025-00135125,11/13/2025 14:35,Theft/Larceny,1038 E TALLMADGE AVE
APD,2025-00135134,11/13/2025 14:46,Menacing/Stalking,484 E WATERLOO RD
APD,2025-00135139,11/13/2025 15:09,Overdose,46 CICERO PLZ
UAPD,2025-00007617,11/13/2025 15:23,Theft/Larceny,361 BUCHTEL CMN
APD,2025-00135149,11/13/2025 15:30,Mental Illnesses,591 HILLMAN RD
APD,2025-00135151,11/13/2025 15:40,Trespass,525 DIAGONAL RD
APD,2025-00135165,11/13/2025 15:54,Theft/Larceny,1064 BRITTAIN RD
APD,2025-00135161,11/13/2025 16:03,Theft/Larceny,572 S SUNSET VIEW DR
APD,2025-00135166,11/13/2025 16:07,Custody Dispute,586 MINEOLA AVE
APD,2025-00135173,11/13/2025 16:17,Missing Persons,632 CARPENTER ST
APD,2025-00135192,11/13/2025 16:33,Narcotics/Drug Laws,1640 REDWOOD AVE
APD,2025-00135176,11/13/2025 16:43,Missing Persons,152 ELIZABETH PKWY
APD,2025-00135179,11/13/2025 16:47,Missing Persons,548 EASTLAND AVE
APD,2025-00135194,11/13/2025 16:48,Animal,130 E LODS ST
APD,2025-00135189,11/13/2025 17:06,All Others,1600 BRITTAIN RD
APD,2025-00135205,11/13/2025 17:32,Death Investigation,672 VIRGINIA AVE
APD,2025-00135210,11/13/2025 17:52,Death Investigation,241 AVONDALE DR
APD,2025-00135213,11/13/2025 17:57,Domestic Incident,679 ALLYN ST
APD,2025-00135214,11/13/2025 18:00,Weapons Law Violations,682 CROSBY ST
APD,2025-00135224,11/13/2025 18:04,Menacing/Stalking,1314 MINSON WAY
APD,2025-00135219,11/13/2025 18:08,Theft/Larceny,30 E CATAWBA AVE
APD,2025-00135244,11/13/2025 19:27,Trespass,130 E MILL ST
APD,2025-00135246,11/13/2025 19:33,Criminal Damage / Mischief,1360 CURTIS ST
APD,2025-00135271,11/13/2025 20:08,Criminal Damage / Mischief,291 TURNER ST
APD,2025-00135265,11/13/2025 20:21,Custody Dispute,436 FLORA AVE
APD,2025-00135263,11/13/2025 21:04,Domestic Incident,417 RAASCH AVE
APD,2025-00135278,11/13/2025 21:17,Theft/Larceny,1181 GEORGIA AVE
APD,2025-00135275,11/13/2025 21:33,Missing Persons,673 GREENWOOD AVE
APD,2025-00135272,11/13/2025 21:34,Theft/Larceny,354 E WATERLOO RD
APD,2025-00135273,11/13/2025 21:35,Death Investigation,1089 DAYTON ST
APD,2025-00135288,11/13/2025 22:22,Criminal Damage / Mischief,2311 NICHOLAS AVE
APD,2025-00135293,11/13/2025 22:38,Endangering Children,2236 22ND ST SW
UAPD,2025-00007627,11/13/2025 22:50,Medical,180 S COLLEGE ST
APD,2025-00135327,11/14/2025 00:13,Mental Illnesses,577 BROWN ST
APD,2025-00135358,11/14/2025 02:26,Property Lost/Found/Damaged,287 MORNINGVIEW AVE
APD,2025-00135375,11/14/2025 03:32,Menacing/Stalking,431 S HAWKINS AVE
APD,2025-00135382,11/14/2025 04:15,Obstruction,293 E MARKET ST
APD,2025-00135389,11/14/2025 05:05,Domestic Incident,417 RAASCH AVE
APD,2025-00135390,11/14/2025 05:13,Burglary,1184 WINTON AVE
APD,2025-00135411,11/14/2025 07:48,Custody Dispute,976 ANDREW ST
APD,2025-00135422,11/14/2025 08:12,Criminal Damage / Mischief,284 PIONEER ST
APD,2025-00135420,11/14/2025 08:17,Disorderly Conduct,1040 COPLEY RD
APD,2025-00135423,11/14/2025 08:21,Breaking and Entering,2458 7TH ST SW
APD,2025-00135444,11/14/2025 09:12,Theft/Larceny,1600 BRITTAIN RD
APD,2025-00135439,11/14/2025 09:17,Domestic Incident,1372 DOTY DR
APD,2025-00135445,11/14/2025 10:11,Mental Illnesses,1295 GARMAN RD
APD,2025-00135452,11/14/2025 10:30,Criminal Damage / Mischief,670 S ARLINGTON ST
APD,2025-00135411,11/14/2025 07:48,Custody Dispute,976 ANDREW ST
APD,2025-00135422,11/14/2025 08:12,Criminal Damage / Mischief,284 PIONEER ST
APD,2025-00135420,11/14/2025 08:17,Disorderly Conduct,1040 COPLEY RD
APD,2025-00135423,11/14/2025 08:21,Breaking and Entering,2458 7TH ST SW
APD,2025-00135444,11/14/2025 09:12,Theft/Larceny,1600 BRITTAIN RD
APD,2025-00135439,11/14/2025 09:17,Domestic Incident,1372 DOTY DR
APD,2025-00135445,11/14/2025 10:11,Mental Illnesses,1295 GARMAN RD
APD,2025-00135452,11/14/2025 10:30,Criminal Damage / Mischief,670 S ARLINGTON ST
APD,2025-00135411,11/14/2025 07:48,Custody Dispute,976 ANDREW ST
APD,2025-00135422,11/14/2025 08:12,Criminal Damage / Mischief,284 PIONEER ST
APD,2025-00135420,11/14/2025 08:17,Disorderly Conduct,1040 COPLEY RD
APD,2025-00135423,11/14/2025 08:21,Breaking and Entering,2458 7TH ST SW
APD,2025-00135444,11/14/2025 09:12,Theft/Larceny,1600 BRITTAIN RD
APD,2025-00135439,11/14/2025 09:17,Domestic Incident,1372 DOTY DR
APD,2025-00135445,11/14/2025 10:11,Mental Illnesses,1295 GARMAN RD
APD,2025-00135452,11/14/2025 10:30,Criminal Damage / Mischief,670 S ARLINGTON ST
APD,2025-00135411,11/14/2025 07:48,Custody Dispute,976 ANDREW ST
APD,2025-00135422,11/14/2025 08:12,Criminal Damage / Mischief,284 PIONEER ST
APD,2025-00135420,11/14/2025 08:17,Disorderly Conduct,1040 COPLEY RD
APD,2025-00135423,11/14/2025 08:21,Breaking and Entering,2458 7TH ST SW
APD,2025-00135444,11/14/2025 09:12,Theft/Larceny,1600 BRITTAIN RD
APD,2025-00135439,11/14/2025 09:17,Domestic Incident,1372 DOTY DR
APD,2025-00135445,11/14/2025 10:11,Mental Illnesses,1295 GARMAN RD
APD,2025-00135452,11/14/2025 10:30,Criminal Damage / Mischief,670 S ARLINGTON ST
APD,2025-00135588,11/14/2025 16:36,Unauthorized Use,446 SHERMAN ST
APD,2025-00135601,11/14/2025 16:53,Custody Dispute,217 S HIGH ST
APD,2025-00135603,11/14/2025 16:55,Weapons Law Violations,849 FESS AVE
APD,2025-00135633,11/14/2025 16:57,Civil Matter,1152 HARTFORD AVE
APD,2025-00135609,11/14/2025 17:08,Missing Persons,264 S ARLINGTON ST
APD,2025-00135615,11/14/2025 17:27,Domestic Incident,719 HAYDEN AVE
APD,2025-00135616,11/14/2025 17:32,Breaking and Entering,313 BOYLE ST
APD,2025-00135617,11/14/2025 17:34,Mental Illnesses,1388 TIMBER TRL
APD,2025-00135638,11/14/2025 18:02,Fraud,972 LANE ST
APD,2025-00135643,11/14/2025 18:50,Assault - Simple,1400 S ARLINGTON ST
APD,2025-00135661,11/14/2025 19:15,Burglary,1201 HARPSTER AVE
APD,2025-00135679,11/14/2025 20:20,Mental Illnesses,207 E MARKET ST
APD,2025-00135681,11/14/2025 20:25,Domestic Incident,952 RUSSELL AVE
APD,2025-00135689,11/14/2025 20:34,Telecommunications Harassment,1272 HILLTOP DR
APD,2025-00135706,11/14/2025 21:15,Assault - Simple,1144 DIETZ AVE
APD,2025-00135714,11/14/2025 21:57,Assault - Simple,414 GRACE AVE
APD,2025-00135718,11/14/2025 22:03,Theft/Larceny,1325 WEATHERVANE LN
APD,2025-00135729,11/14/2025 22:58,Overdose,176 HENRY ST
APD,2025-00135735,11/14/2025 23:15,Domestic Incident,869 GORGE BLVD
APD,2025-00135747,11/14/2025 23:52,Domestic Incident,1469 ALPHADA AVE
APD,2025-00135749,11/15/2025 00:02,Assault - Simple,583 TREESIDE DR
APD,2025-00135765,11/15/2025 00:19,Assault - Simple,1691 LIBERTY DR
APD,2025-00135806,11/15/2025 00:33,Narcotics/Drug Laws,1113 ROSLYN AVE
APD,2025-00135772,11/15/2025 01:21,Assault - Simple,997 BROWN ST
APD,2025-00136028,11/15/2025 01:38,Telecommunications Harassment,1084 PEERLESS AVE
APD,2025-00135779,11/15/2025 01:58,Criminal Damage / Mischief,1816 W MARKET ST
APD,2025-00135788,11/15/2025 02:31,Mental Illnesses,1260 BRITTAIN RD
APD,2025-00135790,11/15/2025 03:09,Assault - Simple,779 E EXCHANGE ST
APD,2025-00135801,11/15/2025 04:16,Domestic Incident,1136 PICKFORD AVE
APD,2025-00135819,11/15/2025 06:18,Domestic Incident,420 TYNER ST
APD,2025-00135829,11/15/2025 07:59,Criminal Damage / Mischief,573 GRACE AVE
APD,2025-00135833,11/15/2025 08:22,Vandalism,431 S ARLINGTON ST
APD,2025-00135858,11/15/2025 09:42,Domestic Incident,1187 DUANE AVE
APD,2025-00135859,11/15/2025 09:45,Unauthorized Use,768 SEWARD AVE
APD,2025-00135865,11/15/2025 10:19,Death Investigation,764 CLYDE ST
APD,2025-00135871,11/15/2025 10:31,Unknown,763 DONALD AVE
APD,2025-00135878,11/15/2025 11:18,Theft/Larceny,1325 WEATHERVANE LN
APD,2025-00135897,11/15/2025 12:11,All Others,1445 FREDERICK BLVD
APD,2025-00135901,11/15/2025 12:14,Theft/Larceny,1750 GOODYEAR BLVD
APD,2025-00135900,11/15/2025 12:21,Domestic Incident,234 WESTWOOD AVE
APD,2025-00135925,11/15/2025 13:27,Death Investigation,1110 SANTEE AVE
APD,2025-00135956,11/15/2025 14:14,Civil Matter,910 WHITTIER AVE
APD,2025-00135955,11/15/2025 14:54,Theft/Larceny,430 DREXEL AVE
APD,2025-00135950,11/15/2025 14:54,Theft/Larceny,720 KIPLING ST
UAPD,2025-00007666,11/15/2025 14:57,Breaking and Entering,225 S MAIN ST
APD,2025-00135976,11/15/2025 15:58,Domestic Incident,764 POLK AVE
APD,2025-00135972,11/15/2025 16:01,Weapons Law Violations,693 LONGVIEW AVE
APD,2025-00135991,11/15/2025 16:43,All Others,974 E MARKET ST
APD,2025-00136019,11/15/2025 16:47,Theft/Larceny,2450 ROMIG RD
APD,2025-00136002,11/15/2025 17:19,Welfare Check,1712 CROMWELL DR
APD,2025-00136007,11/15/2025 17:26,Violation of Protection Order,876 COPLEY RD
APD,2025-00136008,11/15/2025 17:26,Assault - Aggravated,1551 WILDON AVE
APD,2025-00136022,11/15/2025 17:45,Animal,246 WAYNE AVE
APD,2025-00136013,11/15/2025 17:46,Domestic Incident,1052 PEERLESS AVE
APD,2025-00136050,11/15/2025 18:22,Menacing/Stalking,323 VANIMAN ST
APD,2025-00136043,11/15/2025 18:38,Domestic Incident,1632 TREETOP TRL
APD,2025-00136052,11/15/2025 19:14,Theft/Larceny,813 LOVERS LN
APD,2025-00136096,11/15/2025 19:59,Harassment,1905 QUAYLE DR
APD,2025-00136068,11/15/2025 20:02,Criminal Damage / Mischief,698 EDGEWOOD AVE
APD,2025-00136071,11/15/2025 20:16,Weapons Law Violations,1777 ADELAIDE BLVD
APD,2025-00136102,11/15/2025 21:11,Domestic Incident,2205 25TH ST SW
APD,2025-00136099,11/15/2025 21:54,Weapons Law Violations,MULL AVE/W EXCHANGE ST
APD,2025-00136125,11/15/2025 23:02,Domestic Incident,120 DAVENPORT AVE
APD,2025-00136157,11/16/2025 00:58,Warrant Service,BROAD ST/E MARKET ST
APD,2025-00136163,11/16/2025 01:08,Domestic Incident,2205 25TH ST SW
UAPD,2025-00007677,11/16/2025 02:46,Trespass,248 E BUCHTEL AVE
APD,2025-00136184,11/16/2025 02:56,Weapons Law Violations,825 MOON ST
APD,2025-00136216,11/16/2025 07:08,All Others,1050 NATHAN ST
APD,2025-00136229,11/16/2025 08:05,Criminal Damage / Mischief,607 BLANCHE ST
APD,2025-00136294,11/16/2025 13:11,Theft/Larceny,600 N MAIN ST
APD,2025-00136311,11/16/2025 14:14,Domestic Incident,172 BRITTAIN RD
APD,2025-00136314,11/16/2025 14:44,Domestic Incident,618 KLING ST
APD,2025-00136330,11/16/2025 15:53,Theft/Larceny,522 E CUYAHOGA FALLS AVE
APD,2025-00136342,11/16/2025 16:22,Mental Illnesses,UNIVERSITY AVE/S HIGH ST
APD,2025-00136353,11/16/2025 16:35,Assault - Aggravated,1650 DIAGONAL RD
APD,2025-00136348,11/16/2025 16:36,Death Investigation,1559 FAIRFAX RD
APD,2025-00136373,11/16/2025 17:24,Assault - Simple,2767 ALBRECHT AVE
APD,2025-00136390,11/16/2025 18:18,Theft/Larceny,EDISON AVE/IRA AVE
APD,2025-00136392,11/16/2025 18:19,Death Investigation,2329 25TH ST SW
APD,2025-00136402,11/16/2025 18:22,Criminal Damage / Mischief,54 E MILL ST
APD,2025-00136409,11/16/2025 19:05,Burglary,883 HAYDEN AVE
APD,2025-00136417,11/16/2025 19:28,Domestic Incident,140 N SEIBERLING ST
APD,2025-00136422,11/16/2025 19:51,Mental Illnesses,805 SEWARD AVE
APD,2025-00136429,11/16/2025 20:23,Narcotics/Drug Laws,SHERMAN ST/JEWEL DR
APD,2025-00136434,11/16/2025 20:34,Criminal Damage / Mischief,1116 NEVILLE AVE
APD,2025-00136455,11/16/2025 21:55,Theft/Larceny,588 E EXCHANGE ST
APD,2025-00136146,11/16/2025 00:05,Violation of Protection Order,GRANT ST/E SOUTH ST
APD,2025-00136154,11/16/2025 00:48,Domestic Incident,620 ARDEN PL
APD,2025-00136157,11/16/2025 00:58,Warrant Service,BROAD ST/E MARKET ST
APD,2025-00136163,11/16/2025 01:08,Domestic Incident,2205 25TH ST SW
APD,2025-00136183,11/16/2025 02:39,Obstruction,MADISON AVE/PECKHAM ST
APD,2025-00136184,11/16/2025 02:56,Weapons Law Violations,825 MOON ST
APD,2025-00136189,11/16/2025 03:17,Assault - Simple,241 WHEELER ST
APD,2025-00136204,11/16/2025 04:54,Welfare Check,1071 E ARCHWOOD AVE
APD,2025-00136216,11/16/2025 07:08,All Others,1050 NATHAN ST
APD,2025-00136229,11/16/2025 08:05,Criminal Damage / Mischief,607 BLANCHE ST
APD,2025-00136291,11/16/2025 12:56,Assault - Simple,1187 KEYS PL
APD,2025-00136052,11/15/2025 19:14,Theft/Larceny,813 LOVERS LN
APD,2025-00136096,11/15/2025 19:59,Harassment,1905 QUAYLE DR
APD,2025-00136068,11/15/2025 20:02,Criminal Damage / Mischief,698 EDGEWOOD AVE
APD,2025-00136071,11/15/2025 20:16,Weapons Law Violations,1777 ADELAIDE BLVD
APD,2025-00136102,11/15/2025 21:11,Domestic Incident,2205 25TH ST SW
APD,2025-00136099,11/15/2025 21:54,Weapons Law Violations,MULL AVE/W EXCHANGE ST
APD,2025-00136125,11/15/2025 23:02,Domestic Incident,120 DAVENPORT AVE
APD,2025-00136157,11/16/2025 00:58,Warrant Service,BROAD ST/E MARKET ST
APD,2025-00136163,11/16/2025 01:08,Domestic Incident,2205 25TH ST SW
UAPD,2025-00007677,11/16/2025 02:46,Trespass,248 E BUCHTEL AVE
APD,2025-00136184,11/16/2025 02:56,Weapons Law Violations,825 MOON ST
APD,2025-00136216,11/16/2025 07:08,All Others,1050 NATHAN ST
APD,2025-00136229,11/16/2025 08:05,Criminal Damage / Mischief,607 BLANCHE ST
APD,2025-00136294,11/16/2025 13:11,Theft/Larceny,600 N MAIN ST
APD,2025-00136311,11/16/2025 14:14,Domestic Incident,172 BRITTAIN RD
APD,2025-00136314,11/16/2025 14:44,Domestic Incident,618 KLING ST
APD,2025-00136330,11/16/2025 15:53,Theft/Larceny,522 E CUYAHOGA FALLS AVE
APD,2025-00136342,11/16/2025 16:22,Mental Illnesses,UNIVERSITY AVE/S HIGH ST
APD,2025-00136353,11/16/2025 16:35,Assault - Aggravated,1650 DIAGONAL RD
APD,2025-00136348,11/16/2025 16:36,Death Investigation,1559 FAIRFAX RD
APD,2025-00136373,11/16/2025 17:24,Assault - Simple,2767 ALBRECHT AVE
APD,2025-00136390,11/16/2025 18:18,Theft/Larceny,EDISON AVE/IRA AVE
APD,2025-00136392,11/16/2025 18:19,Death Investigation,2329 25TH ST SW
APD,2025-00136402,11/16/2025 18:22,Criminal Damage / Mischief,54 E MILL ST
APD,2025-00136409,11/16/2025 19:05,Burglary,883 HAYDEN AVE
APD,2025-00136417,11/16/2025 19:28,Domestic Incident,140 N SEIBERLING ST
APD,2025-00136422,11/16/2025 19:51,Mental Illnesses,805 SEWARD AVE
APD,2025-00136429,11/16/2025 20:23,Narcotics/Drug Laws,SHERMAN ST/JEWEL DR
APD,2025-00136434,11/16/2025 20:34,Criminal Damage / Mischief,1116 NEVILLE AVE
APD,2025-00136455,11/16/2025 21:55,Theft/Larceny,588 E EXCHANGE ST
APD,2025-00136146,11/16/2025 00:05,Violation of Protection Order,GRANT ST/E SOUTH ST
APD,2025-00136154,11/16/2025 00:48,Domestic Incident,620 ARDEN PL
APD,2025-00136157,11/16/2025 00:58,Warrant Service,BROAD ST/E MARKET ST
APD,2025-00136163,11/16/2025 01:08,Domestic Incident,2205 25TH ST SW
APD,2025-00136183,11/16/2025 02:39,Obstruction,MADISON AVE/PECKHAM ST
APD,2025-00136184,11/16/2025 02:56,Weapons Law Violations,825 MOON ST
APD,2025-00136189,11/16/2025 03:17,Assault - Simple,241 WHEELER ST
APD,2025-00136204,11/16/2025 04:54,Welfare Check,1071 E ARCHWOOD AVE
APD,2025-00136216,11/16/2025 07:08,All Others,1050 NATHAN ST
APD,2025-00136229,11/16/2025 08:05,Criminal Damage / Mischief,607 BLANCHE ST
APD,2025-00136291,11/16/2025 12:56,Assault - Simple,1187 KEYS PL
APD,2025-00136507,11/17/2025 00:22,Domestic Incident,2205 20TH ST SW
APD,2025-00136537,11/17/2025 02:55,Domestic Incident,1249 CHILDS AVE
APD,2025-00136538,11/17/2025 02:59,Criminal Damage / Mischief,1080 BROWN ST
APD,2025-00136547,11/17/2025 04:34,Death Investigation,259 LOWNSDALE AVE
APD,2025-00136558,11/17/2025 05:25,Trespass,946 E WATERLOO RD
APD,2025-00136570,11/17/2025 07:09,Domestic Incident,1132 CHESAPEAKE DR
APD,2025-00136573,11/17/2025 07:47,Death Investigation,227 E GLENWOOD AVE
APD,2025-00137059,11/18/2025 11:15,Domestic Incident,1606 WHITE AVE
APD,2025-00137079,11/18/2025 12:16,Burglary,1278 GIRARD ST
APD,2025-00137080,11/18/2025 12:17,Motor Veh Theft,387 W BARTGES ST
APD,2025-00137084,11/18/2025 12:24,Theft/Larceny,470 HOWE AVE
APD,2025-00137086,11/18/2025 12:30,Weapons Law Violations,ANNADALE AVE/CARROLL ST
APD,2025-00137090,11/18/2025 12:39,Menacing/Stalking,1940 W MARKET ST
APD,2025-00137097,11/18/2025 13:09,Fraud,1138 BITTAKER ST
APD,2025-00137098,11/18/2025 13:19,Sex Offenses,851 CHALKER ST
APD,2025-00137105,11/18/2025 13:24,Theft/Larceny,1014 FREDERICK BLVD
APD,2025-00137109,11/18/2025 13:36,Criminal Damage / Mischief,1999 EAST AVE
APD,2025-00137127,11/18/2025 13:38,Fraud,2028 WHITE POND DR
APD,2025-00137135,11/18/2025 15:02,Domestic Incident,965 INDIAN TRL
APD,2025-00137147,11/18/2025 15:17,Theft/Larceny,1303 KENMORE BLVD
APD,2025-00137183,11/18/2025 15:30,Criminal Damage / Mischief,1027 HAYNES ST
APD,2025-00137158,11/18/2025 15:37,Sex Offenses,1204 ATWOOD AVE
APD,2025-00137190,11/18/2025 15:50,Harassment,2344 NESMITH LAKE BLVD
APD,2025-00137194,11/18/2025 15:53,Runaway,51 E MAPLEDALE AVE
APD,2025-00137217,11/18/2025 16:30,Theft/Larceny,1180 RENTAR LN
APD,2025-00137184,11/18/2025 16:36,Overdose,1551 WILDON AVE
APD,2025-00137213,11/18/2025 17:37,Weapons Law Violations,1360 CURTIS ST
APD,2025-00136588,11/17/2025 08:33,Theft/Larceny,461 WATER ST
APD,2025-00136604,11/17/2025 09:47,Breaking and Entering,1293 ORLANDO AVE
APD,2025-00136621,11/17/2025 10:47,Theft/Larceny,1085 LAUREL AVE
APD,2025-00136636,11/17/2025 10:53,Theft/Larceny,430 MASSILLON RD
APD,2025-00136631,11/17/2025 10:54,Assault - Simple,1603 MOHAWK DR
APD,2025-00136656,11/17/2025 10:58,Menacing/Stalking,2323 22ND ST SW
APD,2025-00136628,11/17/2025 11:01,Mental Illnesses,22 W LONG ST
APD,2025-00136634,11/17/2025 11:31,Disorderly Conduct,470 CASTLE BLVD
APD,2025-00136639,11/17/2025 11:41,Theft/Larceny,825 E TALLMADGE AVE
APD,2025-00136643,11/17/2025 11:52,Property Lost/Found/Damaged,604 HOME AVE
APD,2025-00136645,11/17/2025 11:52,Runaway,986 JASON AVE
APD,2025-00136642,11/17/2025 11:54,Sex Offenses,1040 COPLEY RD
APD,2025-00136648,11/17/2025 12:10,Breaking and Entering,1900 EAST AVE
APD,2025-00136652,11/17/2025 12:27,All Others,88 THORLONE AVE
APD,2025-00136660,11/17/2025 12:56,Weapons Law Violations,740 MERCER AVE
APD,2025-00136665,11/17/2025 13:00,Overdose,931 MORNINGSTAR DR
APD,2025-00136670,11/17/2025 13:21,Domestic Incident,894 BANK ST
APD,2025-00136677,11/17/2025 13:30,Overdose,2541 RIDGEWOOD RD
APD,2025-00136675,11/17/2025 13:32,Domestic Incident,1024 DAN ST
APD,2025-00136686,11/17/2025 13:50,Property Lost/Found/Damaged,1246 PRINCETON ST
APD,2025-00136709,11/17/2025 14:43,Sex Offenses,425 SHERMAN ST
APD,2025-00136710,11/17/2025 14:53,Assault - Simple,629 S CANTON RD
APD,2025-00136735,11/17/2025 15:51,Theft/Larceny,73 KENT CT
APD,2025-00136729,11/17/2025 15:53,Domestic Incident,2201 EAST AVE
APD,2025-00136737,11/17/2025 15:55,Missing Persons,1041 HERBERICH AVE
APD,2025-00136749,11/17/2025 16:52,Child/Elder Abuse,2381 CHATHAM RD
APD,2025-00136756,11/17/2025 17:10,Theft/Larceny,875 W WATERLOO RD
APD,2025-00136766,11/17/2025 17:36,Assault - Simple,1681 HIGHVIEW AVE
APD,2025-00136770,11/17/2025 17:42,OVI/DUI,492 BEACON ST
APD,2025-00136780,11/17/2025 18:02,Criminal Damage / Mischief,ROMAYNE DR/SHULLO DR
APD,2025-00136784,11/17/2025 18:12,Domestic Incident,414 CORNELL ST
APD,2025-00136796,11/17/2025 18:37,Domestic Incident,171 DELLENBERGER AVE
APD,2025-00136799,11/17/2025 18:49,All Others,558 SALIDA ST
APD,2025-00136816,11/17/2025 19:38,Criminal Damage / Mischief,243 EAST PARK BLVD
APD,2025-00136823,11/17/2025 19:46,Child/Elder Abuse,842 PRINCETON ST
APD,2025-00136867,11/17/2025 19:50,Domestic Incident,647 GLENDORA AVE
APD,2025-00136827,11/17/2025 20:01,Theft/Larceny,2084 EAST AVE
APD,2025-00136849,11/17/2025 20:32,Custody Dispute,940 S ARLINGTON ST
APD,2025-00136845,11/17/2025 20:52,Assault - Simple,830 BRITTAIN RD
APD,2025-00136873,11/17/2025 21:33,Menacing/Stalking,1298 ATWOOD AVE
APD,2025-00136857,11/17/2025 21:35,Burglary,1705 S ARLINGTON ST
APD,2025-00136902,11/17/2025 23:24,Domestic Incident,2504 LELAND AVE
APD,2025-00136918,11/18/2025 00:09,Burglary,EMMITT RD/MOHAWK DR
APD,2025-00136927,11/18/2025 00:22,Narcotics/Drug Laws,W LONG ST/EDISON AVE
APD,2025-00136955,11/18/2025 03:29,Narcotics/Drug Laws,PRINCETON ST/W CROSIER ST
APD,2025-00136962,11/18/2025 03:53,Missing Persons,1606 WHITE AVE
UAPD,2025-00007704,11/18/2025 04:49,Medical,209 CARROLL ST
APD,2025-00136982,11/18/2025 06:01,Criminal Damage / Mischief,1069 ACKLEY ST
APD,2025-00136976,11/18/2025 06:42,Trespass,78 ANSEL AVE
APD,2025-00137006,11/18/2025 08:39,Theft/Larceny,1937 14TH ST SW
APD,2025-00137007,11/18/2025 08:40,Menacing/Stalking,631 S BROADWAY ST
APD,2025-00137023,11/18/2025 09:21,Theft/Larceny,470 HOWE AVE
APD,2025-00137044,11/18/2025 10:31,Theft/Larceny,217 S MAIN ST